Tietojärjestelmät;Kutsumanimi;Yksiköt;Tarkoitus;Toimittajat;Sijainti
Verkkosivujen keskitetty julkaisualusta (Ouka.fi / Drupal);Ouka.fi / Drupal;;Kaupungin ouka.fi-verkkosivujen julkaisualusta. Sivusto kuvaa kuntalaisille tarjottavat palvelut ja kertoo perustietoja Oulusta ja kaupunkiorganisaatiosta.;Siili Solutions Oyj;
Hakukonepalvelu (Algolia Search);Algolia Search;;Haku ja indeksointi verkkosivuilta ja tietokannoista;Solita Oy;EU / ETA
Ilmanlaadun mittausjärjestelmä (Envista ARM);Envista ARM;;Ilmanlaadun tiedonkeruu, käsittely, analysointi ja raportointi. Tietoja kerätään kaupungin kolmelta eri mittausasemalta.;HNU-Nordion Ltd. Oy;
Tuotekehitys- ja testaajayhteisöpalvelu (Patiolla);Patiolla;Elinkeino- ja työllisyyspalvelut;"BusinessOulun Innovaatiopalvelujen ylläpitämä Patiolla.fi (www.patiolla.fi) on testaajayhteisö, jonka työskentely tapahtuu tällä hetkellä Howspace -alustalla. Ideana on yhteisön jäsenten ja kohderyhmän käyttäjien osallistaminen eri menetelmiä hyödyntäen tuotteiden ja palvelujen testaukseen ja kehittämiseen. Menetelminä käytetään ohjattuja keskusteluita, päiväkirjoja ja kyselyitä. Patiolla.fi mahdollistaa käyttäjien kokemusten ja tarpeiden keräämisen sekä innovoinnin ajasta ja paikasta riippumatta.&nbsp;Patiolla.fi-palvelu ja toimintamalli tarjoaa verkkopohjaisen ympäristön ja testaajayhteisön palvelutniin yksityisen, julkisen kuin järjestösektorinkin organisaatioille palveluiden ja tuotteiden kehittämiseen ja testaamiseenkuntalaisten osallistamiseksi julkisten palveluiden kehittämiseen sekähankkeissa käytettäväksi osallistamisen työkaluksi";;EU / ETA
Business Oulun uutiskirjejärjestelmä (LianaMailer / Koodiviidakko);LianaMailer / Koodiviidakko;Elinkeino- ja työllisyyspalvelut;Käsittelyn tarkoituksena on asiakassuhteen hoitaminen, mainonnan ja/tai suoramarkkinoinnin suuntaaminen uutiskirjeen tilaajille Business Oulu -liikelaitoksen viestimien ja palvelujen kautta.;Liana Technologies Oy;Suomi
Osaamisen tunnistamisen työkalu (Hakosalo);Hakosalo;Elinkeino- ja työllisyyspalvelut;Työllisyyspalveluiden ammattilaiset hyödyntävät Hakosalon palveluita yhdessä asiakkaan kanssa. Yhdessä asiakkaan kanssa käydään läpi Kykyviisarin tuloksia ja työnhakijan osaamisen tunnistamisen tietoja sekä täyttäessään elinkeinoelämän tarjoamia avoimia työpaikkoja tekoälyä hyödyntäen.;Hakosalo Oy;Suomi
Työ- ja elinkeinopalveluiden asiakaspalvelujärjestelmä (TYPPI);TYPPI;Elinkeino- ja työllisyyspalvelut;Työ- ja elinkeinotoimiston, kunnan tai Kansaneläkelaitoksen palveluksessa oleva, jolle on myönnetty käyttöoikeus monialaisen yhteispalvelun asiakasrekisteriin tässä laissa (Laki työllistymistä edistävästä monialaisesta yhteispalvelusta, 1369/2014) tarkoitettujen tehtävien hoitamiseksi ja palvelun tarjoamiseksi työttömälle, voi saada ja käyttää monialaisen yhteispalvelun asiakasrekisteriin talletettuja tietoja sekä tehdä siihen merkintöjä. Tietoja tallettanut vastaa tekemiensä tietojen virheettömyydestä.;;Suomi
Yritys- ja yhteistyökumppaniasiakkuuksienhallinta (CRM / MS Dynamics365);CRM / MS Dynamics365;Elinkeino- ja työllisyyspalvelut;Business Oulu -liikelaitoksen yritys- ja yhteistyökumppanuuksien asiakkuudenhallinta;Microsoft Corporation, Elisa Oyj;EU / ETA
Koulutuskalenteri ja ilmoittautumisjärjestelmä (Lyyti);Lyyti;Elinkeino- ja työllisyyspalvelut, Konsernihallinto;Organisaation henkilöstön täydennyskoulutukseen tarkoitettu keskitetty koulutuskalenteri sekä erilaisten tapahtumailmoittautumisten ilmoittautumisjärjestelmä.;Lyyti Oy;EU / ETA
Erillissivustojen keskitetty julkaisualusta (Ouka.fi / Wordpress);Ouka.fi / Wordpress;Konsernihallinto;;Geniem Oy;
Organisaation ydintiedon hallintaratkaisu (Master Data Services / MDS);Master Data Services / MDS;Konsernihallinto;Organisaation talousryhmän toimesta Master Datan hallintaan käytettävä ratkaisu, jonka avulla määritetty data viedään IBM Planning Analytics mm. OukaDW:ltä ja Intimesta. ;Microsoft Corporation;Suomi
Luottamushenkilö- ja toimielinrekisteri (WebLumu);WebLumu;Konsernihallinto;Luottamushenkilöiltä kerätään luottamustoimen hoitamisen kannalta välttämättömiä henkilötietoja yhteydenpitoon, esityslistojen ja muun aineiston postittamiseen sekä kokouspalkkioiden ja matkakulujen maksamiseen.Kuntalain mukaan tiettyjen kunnan luottamushenkilöiden ja viranhaltijoiden on ilmoitettava julkisesti sidonnaisuuksistaan, joilla voi olla merkitystä luottamus- ja virkatehtävien hoitamisessa. Sidonnaisuusilmoitus tehdään erillisellä lomakkeella tarkastuslautakunnalle, joka valvoo ilmoitusvelvollisuuden noudattamista ja saattaa ilmoitukset valtuuston tiedoksi. Sidonnaisuuksista ylläpidetään rekisteriä yleisessä tietoverkossa, jollei salassapitoa koskevista säännöksistä muuta johdu.;Triplan Oy;
Kaupunginvaltuuston kokousjärjestelmä (Sennheiser / Hansa Ecuras);Sennheiser / Hansa Ecuras;Konsernihallinto;Kaupungintalon valtuustosalin kokousjärjestelmä, jota käytetään mm. kaupunginvaltuuston kokouksissa läsnäolotietojen, esitysten ja äänestysten hallintaan. Pääkäyttäjinä virastomestarit ja sihteeeri.;Hansa Ecuras Oy;Suomi
Oulun kaupungin puhelinluettelo (Telia TCM);Telia TCM;Konsernihallinto;"Oulun kaupunki on siirtynyt käyttämään uutta puhelinluetteloa. Fonecta Totaali korvataan jatkossa Telia TCM -puhelinluettelolla. Voit käyttää myös Fonecta Totaalia kesän 2022 loppuun saakka, jonka jälkeen se poistuu käytöstä. Fonecta Totaalin tietoja ei enää päivitetä. Uudet päivitykset tehdään Telia TCM -puhelinluetteloonTyöntekijöidemme käytössä on Telia TCM -puhelinluettelo, jonka avulla jokainen työntekijä päivittää sisäisessä ja ulkoisessa puhelinluettelossa näkyviä tietoja itse. Tietojen oikeellisuus on jokaisen käyttäjän omalla vastuulla.Oulun kaupungin puhelinvaihde toimii Telia TCM:ssä&nbsp;olevien tietojen perusteella, joten on ensiarvoisen tärkeää, että jokainen huolehtii omalta osaltaan tietojen oikeellisuuden ja ajantasaisuuden. Oulu10-palvelut hoitavat Oulun kaupungin puhelinvaihdetta.Kaikkia tietoja käyttäjä ei pääse itse muuttamaan, ja niiden tietojen osalta päivityspyyntö on tehtävä Oulu10-palveluihin: oulu10@ouka.fi.Telia TCM-puhelinluettelo toimii tällä hetkellä vain ouka-tunnuksilla. Eduoukakäyttäjät ja muut Akkunan vieraskäyttäjät (esimerkiksi monetra-tunnukset) voivat käyttää&nbsp;toistaiseksi vanhaa Fonecta Totaalia.&nbsp;";Telia Finland Oy;EU / ETA
Väärinkäytösilmoituspalvelu (Granite Whistleblow);Granite Whistleblow;Konsernihallinto;Väärinkäytösilmoituspalvelun avulla tarjotaan EU Whistleblowing-direktiivin mukainen, ilmoittajan henkilöllisyyttä suojaavan väylä, eli whistleblowing-kanavan väärinkäytösten esilletuomiseksi ja käsittelemiseksi. Whistleblow -väärinkäytösilmoituskanavan kautta vuoropuhelu anonyymin whistleblower-ilmoittajan ja väärinkäytösilmoitusten käsittelijän välillä onnistuu myös ilmoituksen tekemisen jälkeen.;Granite Partners Oy;Suomi
Tietoturvan ja tietosuojan verkkokoulutusalusta (Granite verkkokoulutus);Granite verkkokoulutus;Konsernihallinto;Granite Partners Oy:n tietoturva- ja tietosuoja verkkokoulutukset itseopiskeluna.;Granite Partners Oy;Suomi
Taukoliikuntasovellus (BreakPro);BreakPro;Konsernihallinto;Oulun kaupungin henkilöstölle keskitetysti tarjottava taukoliikuntasovellus;Ergo Pro Oy / Break Pro Finland;EU / ETA
Työkyvyn tuen sovellus (Pihlajalinna);Pihlajalinna;Konsernihallinto;"Oulun kaupungilla&nbsp;on käytössä&nbsp;Pihlajalinnan työkyvyn tuen sovellus.&nbsp;Sovelluksen avulla&nbsp;tehostetaan&nbsp;ja helpotetaan&nbsp;esihenkilöiden&nbsp;työtä.&nbsp;Sovellus&nbsp;sisältää&nbsp;mm. sairauspoissaoloseurannan ja varhaisen tuen prosessin kirjaamiset (Puheeksiotto-tapahtumia&nbsp;ei kirjata enää ESS:iin 15.9.2021 jälkeen).Työkyvyn tuen sovellus on osa Pihlajalinnan työterveysportaalia. Se on muokattu Oulun kaupungin käyttöön soveltuvaksi ja käyttöoikeus on vain esihenkilöillä&nbsp;ja HR toimijoilla (työterveyshuollolla katseluoikeudet).Esihenkilöt&nbsp;ja HR&nbsp;ovat saaneet&nbsp;kutsun sovelluksen käyttöön&nbsp;työsähköpostiinsa 15.9.2021.&nbsp;Esihenkilön&nbsp;tulee ottaa sovellus käyttöön kirjautumalla sovelluksen sivulle hyväksymällä Pihlajalinnan lähettämä kutsu työkyvyn tuen portaalin käyttäjäksi.&nbsp;&nbsp;Ensimmäisellä kerralla tarvitset tunnistukseen pankkitunnukset tai mobile-varmenteen.&gt;&gt;Lisätietoa Akkunasta";Pihlajalinna Oy;
Virtuaalinen asiakaspalvelija (OuluBot / Chat);OuluBot / Chat;Konsernihallinto;Asiakaspalvelun virtuaalinen avustaja;Digital Workforce Services Ltd, Front AI Oy, Boost AI AS;EU / ETA
Käyttöomaisuudenhallintajärjestelmä (Visma Assets);Visma Assets;Konsernihallinto;Organisaation käyttöomaisuuskirjanpitoon käytettävä tietojärjestelmä. Korvannut aiemmin käytössä olleen Aditro KOM -järjestelmän.;Visma Oy;EU / ETA
Taloushallinnon sähköinen arkistointijärjestelmä (Aditro Archive);Aditro Archive;Konsernihallinto;Arkistointijärjestelmä, jolla pyritään ratkaisemaan ensisijaisesti talousohjauksen lakisääteinen arkistointivelvoite elektronisen arkistoinnin avulla.;Visma Oy;Suomi
Oulun kaupungin dataportaali (Avoin Data / data.ouka.fi);Avoin Data / data.ouka.fi;Konsernihallinto;"Oulun kaupungin avoimen datan julkaisuportaali ja tietokanta, josta voi rajapintoja käyttäen tehdä tiedonhakuja. Kantaan siirretään eri tietojärjestelmistä sellaisia tietojoukkoja, joita voidaan julkaista vapaasti julkiseen käyttöön. Tarkoituksena on, että esim. sovelluskehittäjät voivat käyttää korvauksetta avointa dataa omissa sovellutuksissaan.Julkaistujen aineistojen tekijänoikeuden tai tietokantasuojan haltija on Oulun kaupunki ellei aineistossa toisin ilmoiteta.Oulun kaupungin avoimen datan aineistot on lisensoitu Creative Commons Nimeä 4.0 Kansainvälinen&nbsp;-lisenssillä&nbsp;";Digi ja ICT -vastuualue;Suomi
Oulu10-palveluiden palvelunhallinta- ja asiakastietojärjestelmä (Sysart Requeste);Sysart Requeste;Konsernihallinto;Oulu10-palveluissa käytettävä asiakkuuden- ja palvelutapahtumien hallintajärjestelmä.;Sysart Oy;Suomi
Arkistojärjestelmä (Basware InvoiceReady);Basware InvoiceReady;Konsernihallinto;Kassan ja verkkokaupan dokumenttien pysyväisarkisto.;Basware Oy;Suomi
Maksumuistutus- ja maksuvaatimuspalvelu (Svea Perintä);Svea Perintä;Konsernihallinto;Oulun kaupungin lukuun suoritettavat maksumuistutukset, maksuvaatimuskirjeet ja haastehakemukset;Svea Perintä Oy;
Tarkastuksen analytiikka- ja auditointiohjelmisto (IDEA);IDEA;Konsernihallinto;"Tarkastuksen tietolähdetiedon&nbsp;aineiston hankinta, tuottaminen ja analysointi";CaseWare International Inc;
Viitteiden jako-ohjelma (Viitesiirrot);Viitesiirrot;Konsernihallinto;Ohjelman päätarkoitus on tehdä arkipäivisin pankeilta ja kassoilta saatavista viitetietoja sisältävistä tiedostoista kirjanpitovientejä Intime-ohjelmaa varten sekä luottotappioiden ajaminen. Ohjelma tekee tiedonprosessoinnin aikana myös raportteja ja tiedostoja eri käyttötarkoituksia varten.;Digi ja ICT -vastuualue;Suomi
Sidonnaisuusilmoituksien tietojärjestelmä (Sidonnaisuusilmoitus);Sidonnaisuusilmoitus;Konsernihallinto;Ilmoitusvelvollisten henkilöiden ylläpito, sidonnaisuusilmoitusten ilmoittaminen, hyväksyntä, sekä julkaisu Oukan sivuillaKunnanhallituksen ja maankäyttö- ja rakennuslaissa (132/1999) tarkoitettuja tehtäviä hoitavan toimielimen jäsenten, valtuuston ja lautakunnan puheenjohtajien ja varapuheenjohtajien, kunnanjohtajan, pormestarin ja apulaispormestarin sekä kunnanhallituksen ja lautakunnan esittelijän on tehtävä sidonnaisuusilmoitus johtotehtävistään sekä luottamustoimistaan elinkeinotoimintaa harjoittavissa yrityksissä ja muissa yhteisöissä, merkittävästä varallisuudestaan sekä muistakin sidonnaisuuksista, joilla voi olla merkitystä luottamus- ja virkatehtävien hoitamisessa.;Digi ja ICT -vastuualue;Suomi
Tapahtumapalvelualusta (Oulussa tapahtuu / Eventz.today);Oulussa tapahtuu / Eventz.today;Konsernihallinto;Oulun alueen tapahtumien ja tapahtumapaikkojen ilmoittaminen ja hallinta.;Eventz International Oy;EU / ETA
Oulun kaupungin mediapankki;;Konsernihallinto;"Oulun kaupungin markkinointiin, viestintään sekä&nbsp;medialle ja muuhun ei-kaupalliseen käyttöön tarkoitetujen mediasisältöjen (kuvat, graafiset aineistot, äänet, videot) tallennus ja jakaminen.&nbsp;";Mediasignal Communications Oy;EU / ETA
Intranet-palvelu (Akkuna);Akkuna;Konsernihallinto;Oulun kaupungin intranet, joka toimii organisaation henkilöstön tärkeimpänä viestintäkanavana. Akkunaan on koottu keskitetysti henkilöstöä koskeva ajankohtaistieto ja ohjeet. Intranet toimii myös vuorovaikutuskanavana, henkilöstön keskustelujen ja erilaisten sisältöjensä kautta. Intranetiin on koottu niin ikään organisaation keskeisimpiin järjestelmätyökaluihin liittyvät ohjeet ja linkit.Kaikki intranetin sisältö on lähtökohtaisesti kaikkien käyttöoikeuden omaavien henkilöiden luettavissa.;Innofactor Oy;EU / ETA
Tiedonohjausjärjestelmä (WebArkki);WebArkki;Konsernihallinto;Tiedonohjaussuunnitelman (TOS) laadinta ja ylläpito. Tiedonohjaussuunnitelman avulla ohjataan tiedon syntymistä, säilyttämistä ja havittämistä. Tiedonohjaussuunnitelma tarvitaan, kun tehdään integraatioita järjestelmien välillä tai tehtäessä tiedonsiirtoja muulla tavalla.Tiedonohjaussuunnitelmat on syötetty tiedonohjausjärjestelmä WebArkkiin (TOJ), joka toimii asianhallintajärjestelmän taustalla ja ohjaa tiedon käsittelyä. ;Triplan Oy;Suomi
Rahoitussalkunhallintajärjestelmä (Kuntarahoitus Apollo);Kuntarahoitus Apollo;Konsernihallinto;;Kuntarahoitus Oyj;EU / ETA
Tilinpäätös- ja toimintakertomusraportointisovellus (CDM Cognos / Certent Disclosure Management);CDM Cognos / Certent Disclosure Management;Konsernihallinto;Talousarviokirjan valmistelu ja hallinta.;Soleno Oy;
Konsernitilinpäätössovellus (Clausion FPM);Clausion FPM;Konsernihallinto;Kuntien yleisohjeen mukaisen konsernintilinpäätöksen laadinta.;Clausion Oy;Suomi
Integraatiojärjestelmä (SiiriNet);SiiriNet;Konsernihallinto;Tiedonsiirtopalvelu eri toimintaprosessien tiedon- ja tiedostojensiirron automatisoimisessa. Palvelua hyödynnetään eri ikästen ja eri teknologioin toteutettujen järjestelmien perustason integraatiotarpeiden ratkaisussa.;CGI Suomi Oy;Suomi
Kyselytyökalu (ZEF);ZEF;Konsernihallinto;"Palvelu erilaisen palautteen keräämiseen ja hallintaan. Toteutettujen kyselyjen analysoi, jäsentäminen ja muokkaaminen visuaaliseen esitysmuotoon ja raportteiksi (esim. PowerPoint, excel, rtf). Kyselytyökalun mahdollisia hyödyntämiskohteita mm. asiakaspalautteet, henkilöstöarvioinnit, riskiarvioinnit, laatuarvioinnit, strategia-arvioinnit, mielipidevertailut sekä erilaiset kyselyt.&nbsp;";Zef Solutions Oy;EU / ETA
Keskitetty käyttäjähallintajärjestelmä (AD / Azure AD);AD / Azure AD;Konsernihallinto;"Oulun kaupungin tietoteknisen ympäristön&nbsp;keskitetty käyttäjätietokanta ja hakemistopalvelu, joka sisältää tietoa käyttäjistä, tietokoneista ja verkon resursseista. Tämä mahdollistaa keskitetyn resurssien jakamisen käyttäjille ja sovelluksille sekä tarjoaa tavan nimetä, kuvata, paikallistaa, hallita ja suojata organisaation käytössä olevia verkon resursseja.Sisältää sekä paikallisen Active Directory -hakemistopalvelun että organisaation pilviympäristön Azure Active Directory -hakemistopalvelun.";Microsoft Corporation;Suomi
Konsernihallinnon toimintajärjestelmä (IMS);IMS;Konsernihallinto;Konsernihallinnon, Business Oulun ja Monetra Oulu Oy:n prosessien kuvaaminen, dokumenttien hallinta, tehtävien hallinta, palautteiden ja arviointien käsittely, tulosten mittaaminen sekä käsikirjojen koostaminen.;Arter Oy;EU / ETA
Rekrytointijärjestelmä (Kuntarekry);Kuntarekry;Konsernihallinto;Oulun kaupungin työntekijöiden ja sijaisten rekrytointien suorittaminen;FCG Finnish Consulting Group Oy;Luotettu 3. maa
Strategiatyökalu (Targetor Pro / Cube);Targetor Pro / Cube;Konsernihallinto;Oulun kaupungin strategisten ja toiminnallisten tavoitteiden hallinta ja raportointi;Targetor Oy;Suomi
Työturvallisuusjärjestelmä (WPro / Vaarain);WPro / Vaarain;Konsernihallinto;"WPro on työtapaturmien, vaaratilanteiden sekä&nbsp;väkivalta- ja uhkatilanteiden ilmoittamisjärjestelmä. vaaratapahtumien ilmoittaminen, käsittely ja tilastointivaaratapahtumatietojen siirto tapaturmailmoitukselle ja välitys sähköisesti vakuutusyhtiöönvaarojen tunnistaminen ja riskien arviointityöpaikkaselvitysten kirjaus ja tulostus";Awanic Oy;Suomi
Taloussuunnittelujärjestelmä (IBM Planning Analytics (PA));IBM Planning Analytics (PA);Konsernihallinto;"Planning Analytics (PA) on talouden suunnittelujärjestelmä, jolla tuotetaan Oulun kaupungin rullaava ennuste sekä talousarvio ja talousarvion kaikki vaiheet.Järjestelmää hyödynnetään esim. myös kustannuslaskennassa, henkilöstösuunnittelussa ja investointien suunnittelussa. Laskennassa käytetään eri lähdejärjestelmistä siirrettävää talouden ja toiminnan tietoa. Järjestelmä on laajasti käytössä koko kaupunkiorganisaatiossa.&nbsp;";IBM, Solita Oy;
Ostolaskujen käsittelyjärjestelmä (Basware P2P / CM);Basware P2P / CM;Konsernihallinto;Sähköinen ostolaskujen käsittelyjärjestelmä, jonka avulla voidaan hoitaa ostolaskujen ja sähköisten maksumääräysten tarkastus ja hyväksyntä sekä seuranta;Basware Oy;EU / ETA
Taloushallintojärjestelmä (Intime Plus);Intime Plus;Konsernihallinto;Organisaation taloushallintojärjestelmä, jolla suoritetaan kirjanpito, myynti- ja ostoreskontra, yleislaskutus, budjettiseuranta, sisäinen ja ulkoinen laskenta sekä talousraportointia.Muodostuu ydintuotteesta Intime Plus ja tähän kytkeytyvistä laajennusosista eli moduuleista.;Visma Oy;Suomi
Matkanhallintajärjestelmä (M2);M2;Konsernihallinto;M2-matkanhallintajärjestelmässä organisaation henkilöstön on mahdollista tehdä matkasuunnitelmia, matkalaskuja, kilometriveloituksia sekä pienkuluveloituksia. Hyväksytyt matkat ja kulut ohjautuvat maksatusprosessiin.;Visma Oy;
ESS-henkilöstöjärjestelmä (ESS7);ESS7;Konsernihallinto;Henkilöstön sähköinen asiointikanava henkilöstön tapahtumien ilmoittamiseen. Järjestelmässä pidetään yllä omia perustietoja, ilmoitetaan poissaolot, koulutukseen osallistumiset, vuosilomat ja erilaisia palkkatapahtumia.;Visma Oy;Suomi
Projektisalkunhallinta (Bägi - Thinking Portfolio);Bägi - Thinking Portfolio;Konsernihallinto;Organisaation projektisalkunhallinnan järjestelmä, jota käytetään projektien seurantaan ja hallintaan;Thinking Portfolio Oy;EU / ETA
Maksujen käsittelyn kokonaisratkaisu (Nomentia Banking);Nomentia Banking;Monetra Oy, Konsernihallinto;Maksuliikenne;Nomentia Oy;
Rakennus- ja yhdyskuntasuunnittelun mallinnusohjelmisto (Autodesk / AutoCAD / Revit);Autodesk / AutoCAD / Revit;Oomi Energia Oy, Rakennusvalvonta, Oulun Tilapalvelut -liikelaitos, Oulun Infra -liikelaitos, Oulun Vesi -liikelaitos, Yhdyskunta- ja ympäristöpalvelut;AEC Collection -kokoelma (Architecture, Engineering and Construction Collection) sisältää suunnittelijoille, insinööreille ja urakoitsijoille suunnatut, yhteisessä pilvipohjaisessa ympäristössä toimivat BIM- ja CAD-työkalut, jotka helpottavat mm. projektien työstämistä alkuvaiheen suunnittelusta ja infrasuunnittelusta rakentamiseen. Kuuluvat ohjelmistot:Revit 2021DWG True View 2021AutoCAD Civil 3D 2021AutoCAD 2021AutoCAD Mechanical 2021AutoCAD Map 2021;Symetri Oy, Autodesk, Inc;Suomi
Mittausaineiston käsittelyohjelma (Trimble Business Center);Trimble Business Center;Oulun Infra -liikelaitos;"Mittausaineiston käsittely; data-aineistojen yhdistely ja suunnitteludatan muuttamninen rakennustiedoksi";Trimble Solutions Oy;Suomi
Työmaapäiväkirjasovellus (Geometrix / Mobilenote);Geometrix / Mobilenote;Oulun Infra -liikelaitos;Rakennusalan Yleisissä sopimusehdoissa (YSE1998) mainittu dokumentti johon merkitään päivittäin työmaan tapahtumat ja tiedot.;Geometrix Oy;Suomi
Teiden ja katujen kunnossapitojärjestelmä (Autori);Autori;Oulun Infra -liikelaitos;Teiden ja katujen hoidossa, sekä päällysteiden, tiemerkintöjen ja tievalaistuksen ylläpidossa käytettävä järjestelmä. Toimenpiteiden suunnittelu ja toteutuksen valvonnta. Liikennemittausten työnohjaus sekä tulosten käsittely ja raportointi. Asfaltointien ja tiemerkintöjen tilaaminen.;Autori Oy;EU / ETA
Työmaadatan valmisteluohjelmisto (Leica iCON Office);Leica iCON Office;Oulun Infra -liikelaitos;Mittausaineistojen käsittely, data-aineistojen yhdistely ja suunnitteludatan muuttaminen rakennustiedoksi.;Leica Geosystems AG;Suomi
Infrarakentamisen tiedonhallintajärjestelmä (Infrakit / Infra Net / Infraryl);Infrakit / Infra Net / Infraryl;Oulun Infra -liikelaitos;Rakentamisen hallinnan ja infraprojektin toimijoiden yhteistyöratkaisu: tiedonkulku tilaajan, suunnittelijoiden ja rakentajien välillä. Rakentamisen laatudokumentointi.;Infrakit Group Oy;Suomi
Infrakentamisen tietomallinnusjärjestelmä (Tekla Civil / Trimble Civil);Tekla Civil / Trimble Civil;Oulun Infra -liikelaitos, Oulun Vesi -liikelaitos, Yhdyskunta- ja ympäristöpalvelut;Tietomallien laatiminen, suunnitelmien päivittäminen, infrahankkeen kolmiulotteinen tarkastelu ja visualisointi. Työmaatietojen ja valmiin hankkeen ylläpito.;Arkance Systems Finland Oy;Suomi
Suunnittelun ja rakentamisen yhteistyöalusta (Trimble Connect);Trimble Connect;Oulun Infra -liikelaitos, Oulun Vesi -liikelaitos, Yhdyskunta- ja ympäristöpalvelut;Suunnittelu- ja rakentamisprojekteissa käytettävä yhteistyöalusta työnkulkujen ja dokumentaation hallintaan.;Trimble Solutions Oy;Luotettu 3. maa
Dokumenttienhallintajärjestelmä (ThereFore / Dokkari);ThereFore / Dokkari;Oulun Infra -liikelaitos, Oulun Vesi -liikelaitos, Yhdyskunta- ja ympäristöpalvelut;"Ympäristö- ja yhdyskuntapalveluiden palvelualueen käyttöön tarkoitettu dokumentinhallintajärjestelmä. Järjestelmästä löytyy muun muassa katu- ja viherhankkeiden suunnitelmia, monenlaisia&nbsp;selvityksiä sekä rakennuslupa-aineistoa.Järjestelmän pääkäyttäjiä ovat Fanni Huttunen, Tapani Viio, Heikonen Esa, Mustonen Markku";Canon Oy;Suomi
Siirto- ja romuajoneuvojärjestelmä (Siiri);Siiri;Oulun Infra -liikelaitos, Yhdyskunta- ja ympäristöpalvelut;Kunnan siirto- ja romuajoneuvoasioiden asiakaspalvelun, laskutuksen, maksuseurannan ja perinnän sekä tilastoinnin tietojenkäsittely.siirtokehotykset ja siirtopäätöksetromuajoneuvojen käsittely(kuulutus- ja huutokauppaluettelot sekä luovutustodistukset)?kuulutusluettelot (Kysy Arto Ruotsalainen)korvauspäätökset laskutusta vartenoikaisuvaatimusten käsittelymaksujen kirjausulosottohakemukset ja -tilityksetasiakaspalvelun ja tilastoinnin tukeminen;Fujitsu Finland Oy;Suomi
Henkilöstön oppimis- ja koulutusympäristö (Eduhouse);Eduhouse;Oulun kaupungin tytäryhtiöt, Rakennusvalvonta, Oulun Tilapalvelut -liikelaitos, Oulun Infra -liikelaitos, Oulun Vesi -liikelaitos, Oulun seudun ympäristötoimi -liikelaitos, Yhdyskunta- ja ympäristöpalvelut, Sivistys- ja kulttuuripalvelut, Elinkeino- ja työllisyyspalvelut, Konsernihallinto;"Eduhouse (ent. Wistec Training)&nbsp;on&nbsp;Oulun kaupungin koulutusyhteistyökumppani. Eduhouse tarjoaa kaupungin henkilöstön käyttöön Eduhouse-verkko-oppimisympäristön (ent. Wistec Online), sovellustuen sekä avoimen etäkoulutustarjonnan.Eduhouse (ent.&nbsp;Wistec Online) on verkko-oppimisympäristö, jossa on tarjolla alansa parhaiden kouluttajien verkkokursseja, jotka on pilkottu aiheittain käteviksi videoiksi.&nbsp;Oppimisympäristö on koko Oulun kaupungin henkilöstön käytössä, mukaan lukien osakeyhtiöiden henkilöstö ja opettajat.Palvelussa on tarjolla luettavia materiaaleja ja videoita. Opiskelu on mahdollista 24/7 ja se on laite- ja selainriippumaton.Kirjautuminen palveluun omilla ouka-tunnuksilla tai eduouka-tunnuksilla (opettajat).";Eduhouse Oy;
Tietovarastointi- ja raportointijärjestelmä (OukaDW);OukaDW;Oulun kaupungin tytäryhtiöt, Rakennusvalvonta, Oulun Tilapalvelut -liikelaitos, Oulun Infra -liikelaitos, Oulun Vesi -liikelaitos, Oulun seudun ympäristötoimi -liikelaitos, Yhdyskunta- ja ympäristöpalvelut, Sivistys- ja kulttuuripalvelut,  Elinkeino- ja työllisyyspalvelut, Konsernihallinto;Organisaation tiedolla johtamisen tarpeisiin muodostettu keskitetty tietovarasto Oulun kaupungin talous-, henkilöstö- ja toimintatiedoista. Teknologiat: IBM InfoSphere DataStage, IBM Cognos Analytics;Soleno Oy;Suomi
Digin palvelunhallintajärjestelmä (Sysart Requeste);Sysart Requeste;Oulun kaupungin tytäryhtiöt, Rakennusvalvonta, Oulun Tilapalvelut -liikelaitos, Oulun Infra -liikelaitos, Oulun Vesi -liikelaitos, Oulun seudun ympäristötoimi -liikelaitos, Yhdyskunta- ja ympäristöpalvelut, Sivistys- ja kulttuuripalvelut,  Elinkeino- ja työllisyyspalvelut, Konsernihallinto;Tuki- ja palvelupyyntöjen käsittely palveluiden tarjoamiseksi ja teknisten ongelmien ratkaisemiseksi.;Sysart Oy;Suomi
Ympäristödatan hallintajärjestelmä (Envidas Ultimate);Envidas Ultimate;Oulun seudun ympäristötoimi -liikelaitos;;;EU / ETA
Oomi Energian data-alusta (Qlik Sense);Qlik Sense;Oomi Energia Oy;Oulun Energian tiedolla johtamisen ja raportoinnin käyttötarpeisiin hyödyntämä, pilvipohjainen datan analysointi ja visualisointialusta.;;
Eläinsuojelun valvontajärjestelmä (Digia LIMS / Tarkastaja);Digia LIMS / Tarkastaja;Oulun seudun ympäristötoimi -liikelaitos;Eläinlääkintähuollon valvontaeläinlääkäreiden käytössä oleva valvontatietojärjestelmä, jolla käsitellään eläinsuojelun, eläintautien sekä sivutuotevalvonnan asiakas-, toimija- ja valvontarekisterin tietoja.Asiakasrekistereitä käytetään viranomaistoimintaan, asiakassuhteen hoitoon ja raportointivelvollisuuteen valtion viranomaisille.Lisäksi tietojärjestelmän taustalla olevia tietoja käytetään ns. arkistokäytössä ympäristönsuojelussa ja ympäristöterveydenhuollossa.;Digia Oyj;Suomi
Eläinlääkintähuollon toiminnanohjausjärjestelmä (Provet);Provet;Oulun seudun ympäristötoimi -liikelaitos;;Finnish Net Solutions Oy;
Eläinlääkintähuollon asiakas- ja potilastietojärjestelmä (KliniQ);KliniQ;Oulun seudun ympäristötoimi -liikelaitos;Eläinlääkäreiden eläinlääkintähuollon asiakastiedon ja potilasvirran hallinta.;TeraKuu Oy;EU / ETA
Tilapalveluiden laadunseurantajärjestelmä (ePuhtaus);ePuhtaus;Oulun Tilapalvelut -liikelaitos;ePuhtaus on laadunseurantajärjestelmä, jossa arkistoidaan, arvioidaan ja tilastoidaan ateria-, puhtaus- ja virastomestaripalveluihin liittyvät laatupoikkeamat. Palvelu ovat Internet-selaimen kautta käytettävissä oleva palvelu, joka tuotetaan pilvipalveluna (ei vaadi erillistä asennusta tai integraatiota) eikä siihen tuoda potilas- tai henkilötietoja. Tiedot säilytetään kryptatussa formaatissa. Palvelua voidaan käyttää tietokoneen, tabletin tai älypuhelimen kautta.ePuhtaus-moduuli on osa laajempaa eSiivous-järjestelmää.;SAG Flowmedik Oy;Suomi
Tilapalveluiden sähköinen allekirjoituspalvelu (Visma Sign);Visma Sign;Oulun Tilapalvelut -liikelaitos;Tilapalveluiden tuottamien tilojen vuorauspalveluiden ja kiinteistöjen rakennuttamispalveluiden urakkasopimusten sähköinen allekirjoitus.  Tilapalvelut lähettää Visma Sign:n kautta viestin ja linkin allekirjoitusta varten allekirjoittajan sähköpostiin. Allekirjoittaja tekee vahvan tunnistautumisen suomi.fi -palvelun kautta allekirjoittaakseen sopimuksen. Allekirjoituksesta tulee vastauskuittaus alkuperäisen lähettäjän sähköpostiin. Sopimukset ja mahdolliset valtakirjat arkistoituu palveluun.;Visma Oy;Suomi
Rakentamisen määrä- ja kustannuslaskentaohjelma (Tocoman Kustannuslaskenta / TCM);Tocoman Kustannuslaskenta / TCM;Oulun Tilapalvelut -liikelaitos;Rakentamispalveluiden määrä ja kustannuslaskenta sekä hankkeiden kustannusseuranta. Käyttö Tilapalveluiden rakentamispalveluiden omassa tuotannossa.;Tocoman Oy;Suomi
Hankeseurantatyökalu (HASE);HASE;Oulun Tilapalvelut -liikelaitos;HASE hankeseurantatyökalu on verkkopohjainen, kaupungin sisäiseen käyttöön tarkoitettu työkalu rakennushankkeiden aikataulu- ja kustannusseurantaan sekä resurssien hallintaan.Työkalu on integroitu rakennuttamistieto- ja kirjanpitojärjestelmään.Työkalun avulla voidaan suunnitella hankkeiden ajoitusta ja henkilöstöresurssien käyttöä. Työkalu toimii myös kaupungin sisäisessä tiedonvälityksessä eri hallintokunnille.;Digi ja ICT -vastuualue;Suomi
Energianhallintajärjestelmä (EnerKey SaaS);EnerKey SaaS;Oulun Tilapalvelut -liikelaitos;Energiaseurannan ja -hallinnan resurssi- ja kulutustiedot, raportit ja analyysit, mm. datalla todennettuja vastuullisuustoimenpiteitä ja -raportointia varten. Energiajohtaminen, CO2-päästöjen raportointi, automaattiset hälytykset ja kustannusraportit. Organisaation päästöjen ja energiansäästöpotentiaalien tunnistus tekoälyn ja koneoppimisen avulla. Oulun Energialta saadaan energiankulutusdata (sähkö, vesi, kaukolämpö) EnerKey:in EDI-sanomina.;EnerKey Group Oy;EU / ETA
Projektipankki ja tiedonjakelukanava (Haahtela PRIS);Haahtela PRIS;Oulun Tilapalvelut -liikelaitos;Rakennushankkeiden projektiaikainen tietovarasto ja tiedonsiirtokanava eri osapuolten välillä. Tiedon jakamisen kanava, tiedottaminen ja rakennushankkeen projektien työmaan seuranta. Käyttöoikeudet annetaan hankkeessa mukana oleville suunnittelijoille (esim. arkkitehtisuunnittelija, rakennesuunnittelija, LVIA -suunnittelija tai sähkösuunnittelija), konsulteille (esim. rakennusteknisten töiden valvoja tai huoltokirjakoordinaattori), urakoitsijoille ja Tilapalveluiden rakennuttajille. ;Haahtela Oy;EU / ETA
Rakennushankkeen projektinhallintajärjestelmä (Haahtela Rakennuttamistieto);Haahtela Rakennuttamistieto;Oulun Tilapalvelut -liikelaitos;"Talonrakennushankkeiden&nbsp;projektinjohdon&nbsp;työkalu,&nbsp;joka&nbsp;kokoaa rakennushankkeen johtamisen asiakirjat ja menetelmät yhteen sijaintiin tarveselvitysvaiheesta takuuaikavaiheeseen saakka.Valmiiden asiakirjamallien mukainen dokumentointi eri tilanteita ja tarkoituksia varten: hankinnat ja sopimukset eri toteutusmuotoineen, laadunhallinta, työturvallisuus, kokoukset, tarkastukset, katselmukset sekä projektin ja työn suunnittelu.Keskeiset projektin johtamisen menetelmät: mm. seurata kustannuksia, tarkistaa tilaajavastuutiedot, ilmoittaa verottajalle urakkatietoja, laatia aikatauluja ja tehtäväluetteloita sekä suorittaa hankintoja.Urakkatietojen ilmoittaminen verottajalle: veroilmoittamiset operoidaan kaikki keskitetysti Haahtela RT:n kautta. RT:stä on&nbsp;verottajan suuntaan rakennettu Webservice-rajapinta, jonka kautta urakkatiedot siirretään 1 x/kk verottajalle.&nbsp;Ko. rajapinnan rakentamiseen (kertaluonteinen tehtävä) sekä kuukausittaisten veroilmoitusten lähettämiseen tarvitaan valtuutukset Suomi.fi:n kautta. Valtuutukset on tehty&nbsp;Oukan yhteisen käytännön mukaisesti";Haahtela Oy;Suomi
Myyntilaskujen välitys- ja säilytysjärjestelmä (Ropo24 / Ropo Capital);Ropo24 / Ropo Capital;Oulun Tilapalvelut -liikelaitos, Konsernihallinto;Laskujen välitys paperitulosteena (sis. tulostus-, kuoritus- ja postituspalvelu), tai sähköisesti mm. suoramaksulaskuna, verkkolaskuna ja e-laskuna.;Ropo Capital Oy;
Sähköisen allekirjoittamisen ratkaisu (eNimmari);eNimmari;Oulun Tilapalvelut -liikelaitos, Konsernihallinto;Digitaalisten dokumenttien allekirjoittaminen. Allekirjoittajat voivat olla kaupungin työntekijöitä tai ulkopuolisia. Ratkaisu käyttöönotetaan prosessikohtaisesti erilaisiin allekirjoittamista tarvitseviin prosesseihin.;TwoDay Oy;Suomi
Työaikasuunnittelujärjestelmä (Norlic T);Norlic T;Oulun Tilapalvelut -liikelaitos, Konsernihallinto;Tuntipalkkaisten tuntien ja ylitöiden ilmoittaminen (toteumat);Ab Norlic Oy;
Laskutussovellus (Pupesoft);Pupesoft;Oulun Tilapalvelut -liikelaitos, Oulun Infra -liikelaitos;"Tilapalvelut -liikelaitos:Virastomestaripalveluiden hallintokuntien sisäinen laskutus.Kiinteistönhoitopalveluissa laskutetaan sisäliikuntalaitoksia, tehdään kunnossapidon kuukausipalkkaisten palkkojen oikaisut tehdyille töille &gt; siirretään Työnhallinnasta Pupesoftiin josta se kohdennetaan kohteelle.  Erilliset kunnossapito- ja korjaustyöt siirrteään Työnhallinnasta Pupesoftiin, josta ne laskutetaan hallintokuntia. Tilapalveluiden maksamat palveluiden ja tavaroiden hankintojen ostolaskut siirtyy InTimesta Pupesoftiin hallintokunnilta laskutettavaksi.Infra -liikelaitosta laskutetaan katulämmitysten osalta. Sikun puusepän työt ja Sikun työkalukorjaus laskutetaan myös.Sorvitien ja Haukiputaan Teollisuustien pientarvikevaraston ostot ja myynnit kirjataan Pupesoftiin.";Max Technologies Oy, SprintIT Finland Oy;
Kalustonhallintajärjestelmä (AtkSla / Lahikainen);AtkSla / Lahikainen;Oulun Tilapalvelut -liikelaitos, Oulun Infra -liikelaitos;Organisaation konekeskusten ja korjaamojen kalustonhallinta ja tilausjärjestelmä. Tilapalveluiden kalustonvuokraus muille hallintokunnille laskutetaan Lahikaisella. Tilapalveluiden omat koneisiin liittyvät kustannukset laskutetaan myös.Vuokraohjelma, ei oma. Vuokraan sisältyy ohjelmatuki.;Atk-Suunnittelu Lahikainen Oy;Suomi
Teknisten palveluiden työhallintajärjestelmä (Maxtech Työnhallinta);Maxtech Työnhallinta;Oulun Tilapalvelut -liikelaitos, Oulun Infra -liikelaitos, Oulun Vesi -liikelaitos, Oulun seudun ympäristötoimi -liikelaitos, Yhdyskunta- ja ympäristöpalvelut;"Reaaliaikainen töiden-, resurssien- sekä kalustonseuranta ja työkalut kokonaisvaltaiseen työnhallintaan. Reaaliaikainen tilanneseurantaTyöajan raportointiTyömääräykset ja -ohjeet sekä näiden hallintaKäyntikuittauksetTapahtumailmoituksetTyövuorosuunnittelu ja työajanseurantaAutomaattiset TES- ja ylityötulkinnatKattavat raportit sekä aineistot palkanlaskentaan (järjestelmästä siirretään palkka-aineisto levyasemalle &gt; Tekli_th Oukasrv908Y, josta Personecin ajot pomii tiedot Personec -järjestelmään). Lisäksi aineistot laskutukseen (Pupesoft) ";Max Technologies Oy;Suomi
Kaupungin palautejärjestelmä (Trimble Feedback);Trimble Feedback;Oulun Tilapalvelut -liikelaitos, Oulun Infra -liikelaitos, Oulun Vesi -liikelaitos, Oulun seudun ympäristötoimi -liikelaitos, Yhdyskunta- ja ympäristöpalvelut, Sivistys- ja kulttuuripalvelut, Elinkeino- ja työllisyyspalvelut, Konsernihallinto;Organisaation palautteenhallinta.;Trimble Solutions Oy;Suomi
Tietotyö- ja tuottavuusratkaisualusta (Microsoft 365 / Office 365);Microsoft 365 / Office 365;Oulun Tilapalvelut -liikelaitos, Oulun Infra -liikelaitos, Oulun Vesi -liikelaitos, Oulun seudun ympäristötoimi -liikelaitos, Yhdyskunta- ja ympäristöpalvelut, Sivistys- ja kulttuuripalvelut, Elinkeino- ja työllisyyspalvelut, Konsernihallinto;Organisaation keskitetty alustaratkaisu, joka sisältää laajan kirjon erilaisia tuottavuussovelluksia (ml. perinteiset toimistotyösovellukset) ja palveluja sekä modernin tietotyön tarpeisiin että yhteistyöverkoistoissa toimimista varten. Alusta sisältää esimerkiksi:Henkilökohtaiset tuottavuusratkaisut, kuten sähköposti ja kalenteri (Outlook) sekä OneDrive -tallennuspalveluTiimien tuottavuusratkaisut, kuten SharePoint- ja Teams-työtilat sekä yhteiset tehtävälistat (Planner, To-Do -listat)Teams-kokousratkaisutOneNote -muistikirjatMS Bookings -verkkoajanvaraus ja tapaamistenhallinta;Microsoft Corporation;EU / ETA
Pelastussuunnitelmatyökalu (4Ks);4Ks;Oulun Tilapalvelut -liikelaitos, Sivistys- ja kulttuuripalvelut;Kaupungiorganisaation käytössä oleva, verkkopohjainen järjestelmä kiinteistöjen pelastussuunnitelmien laatimiseen ja ylläpitämiseen sekä kiinteistönomistajan seuranta- ja valvontatyökalu mm. kiinteistöjen palo- ja pelastusturvallisuuteen. ;4Ks Finland Oy;Suomi
Kassajärjestelmä (Ceepos Monetra);Ceepos Monetra;Oulun Tilapalvelut -liikelaitos, Sivistys- ja kulttuuripalvelut, Konsernihallinto;Oulun kaupungin keskitetty kassajärjestelmä asiakaspalvelun erilaisten asiointimaksujen käsittelyyn, sisältäen palvelukassat, itsepalvelukassat sekä erilaisia toimialakohtaisia erityispisteet.;CPU Oy;Suomi
Ateria- ja tuotetilausjärjestelmä (Nekku / Ceepos sisäinen Verkkokauppa);Nekku / Ceepos sisäinen Verkkokauppa;Oulun Tilapalvelut -liikelaitos, Sivistys- ja kulttuuripalvelut, Konsernihallinto;Organisaation sisäinen verkkokauppa ateriapalveluiden tilaamiseen;CPU Oy;Suomi
Työvuorosuunnittelu- ja laskentajärjestelmä (MD Titania);MD Titania;Oulun Tilapalvelut -liikelaitos, Sivistys- ja kulttuuripalvelut, Konsernihallinto;"Työvuorojen suunnittelu ja toteuneiden vuorojen mukainen laskenta palkanmaksua varten. Henkilökunnan digitaalisessa asiointipalvelussa työaikatoiveiden esittäminen, sekä  työaikatietojen suunnitelmien,&nbsp;toteumatietojen sekä vuorolistojen julkaisu ja selailu.";Visma Oy;Suomi
Tilojen- ja varaustenhallintajärjestelmä (Timmi);Timmi;Oulun Tilapalvelut -liikelaitos, Sivistys- ja kulttuuripalvelut, Konsernihallinto;Oulun kaupungin hallinnoimien tilojen varaukset ja näihin kytkeytyvien sähköisten kulunvalvontalaitteistojen toiminnanohjaus. Asiakkuuksiin liittyvä asiakkuuksienhallinta.;Timmi Software Oy;Suomi
Kiinteistöjohtamisen tietojärjestelmä (Haahtela Kiinteistötieto);Haahtela Kiinteistötieto;Oulun Tilapalvelut -liikelaitos, Yhdyskunta- ja ympäristöpalvelut;Organisaation kiinteistöjen tietojen hallinta kiinteistöjohtamisen tukena. Kiinteistökohteiden talous, vuokrasopimukset, vuokrien laskenta- ja käsittelytoimet, tilanhallinta. Kiinteistökannan nykyarvon määritys. ;Haahtela Oy;Suomi
Työajanseuranta ja kulunvalvonta (Timecon / Esmi );Timecon / Esmi /Premitime;Oulun Tilapalvelut -liikelaitos, Yhdyskunta- ja ympäristöpalvelut, Konsernihallinto;Toimitilojen turvallisuuden varmistamisen ja omaisuuden suojaamisen ohjaamalla ja rajoittamalla kulkemista sekä estämällä luvatonta kulkemista toimitiloissa kulunvalvonnalla.Työntekijöiden työajanhallinta, ruokailunseuranta, vierailijoiden hallinta sekä liitännät palkkahallinnon järjestelmiin.;Capcon Control Oy, STANLEY Security Oy;
Kyydinvälitysjärjestelmä (Mobirouter);Mobirouter;Oulun Tilapalvelut -liikelaitos, Yhdyskunta- ja ympäristöpalvelut;Henkilöliikenteen kuljetusten tilaaminen erilaisiin käyttötarpeisiin (mm. vammaispalvelulaki ja sosiaalihuoltolaki).Käytetään Matkapalvelukeskuksen, hyvinvointipalvelujen ja sivistys- ja kulttuuripalvelujen toiminnassa.;DDS Wireless International Inc;Suomi
Palkka- ja henkilöstöhallinnon järjestelmä (Personec FK);Personec FK;Oulun Tuotantokeittiö Oy, Monetra Oy, Oomi Energia Oy, Oulun kaupungin tytäryhtiöt, Rakennusvalvonta, Oulun Tilapalvelut -liikelaitos, Oulun Infra -liikelaitos, Oulun Vesi -liikelaitos, Oulun seudun ympäristötoimi -liikelaitos, Yhdyskunta- ja ympäristöpalvelut, Sivistys- ja kulttuuripalvelut, Elinkeino- ja työllisyyspalvelut, Konsernihallinto;Oulun kaupungin keskitetty palkka- ja henkilöstöhallinnon järjestelmä.Sisältää organisaation ydintiedon (masterdata) henkilöstöstä ja palkanlaskun tietoaineistoista.;Visma Oy, Digi ja ICT -vastuualue;Suomi
Huoltotoimen toiminnanohjausjärjestelmä (Haahtela RES);Haahtela RES;Oulun Tuotantokeittiö Oy, Oulun Tilapalvelut -liikelaitos;Kiinteistöjen huolto ja ylläpito. Huolto-ohjelma, huoltokalenteri, vikailmoitukset ja palvelupyynnöt sekä kiinteistökohteiden katselmukset. Järjestelmää käyttää useat eri ulkoiset palveluntuottajat ( mm. kiinteistön huolto, LVIS, väestönsuojatarkastukset) ja Oulun Energia, jotka tuottavat järjestelmään raportteja.;Haahtela Oy;EU / ETA
Häiriötiedotusjärjestelmä (SMS-Service);SMS-Service;Oulun Vesi -liikelaitos;Juomaveden ja jäteveden häiriötiedotteiden jakelu. Viranomaiselle tulee mahdollisuus henkilökohtaiseen sähköiseen häiriöviestintään. Järjestelmästä tullaan lähettämään tietoa häiriöistä muille viranomaisille.Järjestelmä tuottaa yhdistetyn tiedon kansalaisista, jotka ovat saaneet häiriötiedon. Järjestelmä tuottaa tilastotietoa häiriöiden esiintyvyydestä alueittain.;Blue Idea Finland;EU / ETA
Vesihuoltolaitosten raportointijärjestelmä (Valmet-raportti);Valmet-raportti;Oulun Vesi -liikelaitos;Veden ja jäteveden laadun raportointi viranomaisille:Teknisten liikelaitosten johtokuntaOulun seudun ympäristötoimiEly-keskus;;
Pohjaveden tilan seuranta- ja raportointijärjestelmä (GWP);GWP;Oulun Vesi -liikelaitos;Pohjaveden tilan seurantaan, analysointiin, mallintamiseen ja raportointiin käytettävä järjestelmäpalvelu. ;WRM Systems Oy;
Oulun Veden tuotantolaitosten tiedonhallintajärjestelmä (ALMA);ALMA;Oulun Vesi -liikelaitos;Tuotantolaitosten suunnittelu-, kunnossapito-, teknisen tiedon ja tapahtumien hallintajärjestelmä. Laitosten käyttödokumentaatio, kunnossapito-ohjelmisto sekä omaisuuden- ja elinkaarenhallinta.Kustannusseuranta, raportointi ja kalenterinäkymät eri toimijatasoilleEnnakko- ja seisokkihuoltojen resursointi, suunnittelu, ohjeistus sekä seurantaPäivittäiset/ viikoittaiset/ kuukausittaiset huollotKorjaava kunnossapito: vika- ja häiriöilmoitukset sekä vikatyötVuoro- ja käyttöpäiväkirjaKunnossapidon analyysitVarasto- ja materiaalin hallintatoiminnot, viivakoodituksetHankinnat ja sopimuksetTeknisen dokumentaation hallintaToimittaja-, henkilö-, asiakas-, tuote-, aine- yms. rekisteritProjektit: tiedonhallinta, suunnittelu, projektien edistymän, toteuman sekä kustannusten seurantaProjektien ja suunnittelun tietojen ja dokumentaation haltuunottoTyöturvallisuuden hallinta: riskiarvioinnit, työluvat, turvallisuuskeskustelutMobiilikäyttötarpeet;Vitec ALMA Oy;
Oulun Veden asiakastietojärjestelmä (Vesitieto);Vesitieto;Oulun Vesi -liikelaitos;Oulun Veden asiakkuuksienhallinta. Asiakaspalvelun toiminnot, laskutus, mittarilukemien hallinta, raportointi ja asiakkaan sähköinen asiointi.;Suomen Vesitieto Oy;EU / ETA
Työmaan dokumentointisovellus (Buildie);Buildie;Oulun Vesi -liikelaitos;Työmaakohteiden projektipankki ja rakentamisen systemaattisen valokuvadokumentoinnin sovellus, joka toimii mobiililaitteella ja web-selaimessa.Kuvat, päiväkirjat, työmaan turvallisuusmittaukset, dokumentit sekä raportit kansioituna automaattisestiLiittää valokuviin oleelliset tiedot (esim. GPS-tieto) ja järjestää valokuvat pilvipalveluun  selattavaan ja haettavaan muotoon. Valokuvat voidaan siirtää integraatioiden avulla eri kohdejärjestelmiin;Pixactor Oy;EU / ETA
Vesihuollon verkkotietojärjestelmä (Trimble NIS Water);Trimble NIS Water;Oulun Vesi -liikelaitos;Vesihuoltoverkoston suunnittelu ja hallinta.KunnossapitoOmaisuudenhallintaVerkostolaskentaVerkkoinvestointien hallinta;Trimble Solutions Oy;Suomi
Oulun Veden toimintajärjestelmä (IMS);IMS;Oulun Vesi -liikelaitos;Oulun Veden prosessien kuvaaminen, dokumenttien hallinta, tehtävien hallinta, palautteiden ja arviointien käsittely, tulosten mittaaminen sekä käsikirjojen koostaminen.;Arter Oy;EU / ETA
Digitaalisen säilyttämisen tietojärjestelmä (eMappi / XArchive);eMappi / XArchive;Oulun Vesi -liikelaitos, Konsernihallinto;Digitaalisten dokumenttien pitkäaikaissäilyttäminen ja selailu.Kaupungissa syntyy paljon lain tai jollain muulla perusteella säilytettävää aineistoa.Usein aineisto syntyy sähköisenä, mutta se joudutaan tulostamaan joko allekirjoittamista tai lain mukaista säilyttämistä varten.Monet operatiiviset tietojärjestelmät eivät sovellu lain mukaiseen pitkäaikaissäilytykseen mm. puutteellisen tiedonohjauksen takia;TwoDay Oy;Suomi
Tiedon visualisointi- ja raportointialusta (PowerBI Service);PowerBI Service;Oulun Vesi -liikelaitos, Oulun seudun ympäristötoimi -liikelaitos, Sivistys- ja kulttuuripalvelut,  Elinkeino- ja työllisyyspalvelut, Konsernihallinto;Organisaation tiedolla johtamista tukeva tiedon visualisointi- ja raportointialusta. ;Microsoft Corporation;EU / ETA
Rakennusalan ammattilaispankki (Asiantuntijakortisto);Asiantuntijakortisto;Rakennusvalvonta;Rakentajan ammattilaistietokanta rakennusvalvonnan asiakkaille tarjoaa pientalon tai taloyhtiön rakentamiseen ja korjaamiseen ammattilaista hakevalle mahdollisuuden etsiä keskitetystä ja puolueettomasta paikasta rakennusalan ammattilaisia. Kaikilla rakentamisen palveluita kyseisille tahoille tarjoavilla toimijoilla on mahdollisuus lisätä tietonsa tietokantaan vahvan tunnistautumisen kautta.Rakennusvalvonnan asiakkaat voivat etsiä ammattilaisia tietokannasta rakennusvalvonnan toimistossa. Asiakkaalle näytettäviä tietoja ovat ammattilaisen itse antamat yhteystiedot (sähköposti, puhelin) sekä heidän antamansa tiedot koulutuksesta, pätevyyksistä ja aiemmin tehtävissä toimimisesta.;Grynos Oy;Suomi
Yhdyskunta- ja ympäristöpalvelujen verkkopalvelu (Trimble eServices / ePermit);Trimble eServices / ePermit;Rakennusvalvonta, Oulun Infra -liikelaitos, Oulun Vesi -liikelaitos, Oulun seudun ympäristötoimi -liikelaitos, Yhdyskunta- ja ympäristöpalvelut;Yhdyskunta- ja ympäristötoimijoiden laaja verkkopalvelukokonaisuus, joka sisältää sähköiset asiointipalvelutRakennushankkeita ja peruskorjauksia suunnittelevien ennakko-ohjaukseenRakennushankkeen tietojen keräämiseen ja käsittelyynKiinteistötoimitusten, yleistenalueiden lupien ja ympäristövalvonnanlupien hakuunVenepaikkojen, veneiden talvisäilytyspaikkojen, viljelypalstojen, viljelylaatikoiden ja polttopuupalstojen varaukseenTeknisen sektorin tuotteiden ja palveluiden tilaamiseenKunnan tonttitarjonnan katseluun ja hakuunLisäksi verkkopalvelun kautta on pääsy Oulun seudun karttapalveluun sekä Oulun kaupungin palautepalveluun.;Trimble Solutions Oy;
Rakennetun ympäristön paikkatietojärjestelmä (Trimble Locus);Trimble Locus;Rakennusvalvonta, Oulun Infra -liikelaitos, Oulun Vesi -liikelaitos, Oulun seudun ympäristötoimi -liikelaitos, Yhdyskunta- ja ympäristöpalvelut;Käyttötarkoituksena on paikkatietojen ja rekistereiden ylläpito.;Trimble Solutions Oy;Suomi
Hallinnon käyttövaltuushallintajärjestelmä (KVH / MIM Microsoft Identity Manager);KVH / MIM Microsoft Identity Manager;Rakennusvalvonta, Oulun Tilapalvelut -liikelaitos, Oulun Infra -liikelaitos, Oulun Vesi -liikelaitos, Oulun seudun ympäristötoimi -liikelaitos, Yhdyskunta- ja ympäristöpalvelut, Sivistys- ja kulttuuripalvelut, Elinkeino- ja työllisyyspalvelut, Konsernihallinto;"Hallinnon digitaalisen ympäristön käyttäjien keskitetty käyttövaltuuksien hallinta.Käyttövaltuushallinta (KVH)&nbsp;mahdollistaa&nbsp;käyttäjätunnuksen ja sähköpostilaatikon luomisen&nbsp;työsuhteen&nbsp;alkaessa ja auttaa käyttäjätunnuksen hallinnassa ja muutoksissa työsuhteen elinkaaren ajan sekä poistaa tunnuksen ja siihen liitetyt käyttövaltuudet työsuhteen päättyessä.&gt;&gt;Lisätietoa Akkunasta";Microsoft Corporation, Pulsen Integration Oy;Suomi
Digitaalisen turvallisuuden ja tiedonhallinnan hallintajärjestelmä (Digiturvamalli);Digiturvamalli;Rakennusvalvonta, Oulun Tilapalvelut -liikelaitos, Oulun Infra -liikelaitos, Oulun Vesi -liikelaitos, Oulun seudun ympäristötoimi -liikelaitos, Yhdyskunta- ja ympäristöpalvelut, Sivistys- ja kulttuuripalvelut, Elinkeino- ja työllisyyspalvelut, Konsernihallinto;Oulun kaupungin tiedonhallintayksikön tiedonhallinnan sekä digitaalisen turvallisuuden ohjaus- ja hallinta. Organisaation tiedonhallinta-, tietosuoja-, kokonaisarkkitehtuuri ja tietoturvatyössä hyödynnettävä dokumentointi- ja ohjausjärjestelmä.;Agendium Oy;EU / ETA
Sopimushallintajärjestelmä (Cloudia sopimushallinta);Cloudia sopimushallinta;Rakennusvalvonta, Oulun Tilapalvelut -liikelaitos, Oulun Infra -liikelaitos, Oulun Vesi -liikelaitos, Oulun seudun ympäristötoimi -liikelaitos, Yhdyskunta- ja ympäristöpalvelut, Sivistys- ja kulttuuripalvelut, Elinkeino- ja työllisyyspalvelut, Konsernihallinto;"Sopimushallintaan kirjataan kaikki kaupungin hankintasopimukset sekä&nbsp;mahdolliset osto-ohjeet (esim. keskitetyt puitesopimukset). Sopimushallinta on tarkoitettu hankintoja tekeville sekä hankintasopimuksia käsitteleville Oulun kaupungin henkilöille. ";Cloudia Oy;EU / ETA
Verkkosivustojen keskitetty julkaisualusta (Ouka.fi / Liferay);Ouka.fi / Liferay;Rakennusvalvonta, Oulun Tilapalvelut -liikelaitos, Oulun Infra -liikelaitos, Oulun Vesi -liikelaitos, Oulun seudun ympäristötoimi -liikelaitos, Yhdyskunta- ja ympäristöpalvelut, Sivistys- ja kulttuuripalvelut, Elinkeino- ja työllisyyspalvelut, Konsernihallinto;Keskitetty julkaisujärjestelmä julkisten verkkosivustojen toteuttamista ja hallintaa varten. ;Solita Oy;Suomi
Digin laskutusjärjestelmä (Digi laskutus / OTT Laskutus);Digi laskutus / OTT Laskutus;Rakennusvalvonta, Oulun Tilapalvelut -liikelaitos, Oulun Infra -liikelaitos, Oulun Vesi -liikelaitos, Oulun seudun ympäristötoimi -liikelaitos, Yhdyskunta- ja ympäristöpalvelut, Sivistys- ja kulttuuripalvelut, Elinkeino- ja työllisyyspalvelut, Konsernihallinto;Asiakkailtaan laskuttamien tuotteiden ja palveluiden laskuttamisjärjestelmä sekä laskutettavan omaisuuden hallinta;Digi ja ICT -vastuualue;Suomi
Hankintajärjestelmä (Cloudia kilpailutus);Cloudia kilpailutus;Rakennusvalvonta, Oulun Tilapalvelut -liikelaitos, Oulun Infra -liikelaitos, Oulun Vesi -liikelaitos, Oulun seudun ympäristötoimi -liikelaitos, Yhdyskunta- ja ympäristöpalvelut, Sivistys- ja kulttuuripalvelut, Elinkeino- ja työllisyyspalvelut, Konsernihallinto;"Oulun kaupungin palvelualueiden ja liikelaitosten julkisia hankintojen toteuttaminen.&nbsp;Kaikki kaupungin hankintasäännön kynnysarvon ylittävät hankinnat, joille ei ole olemassa olevaa sopimusta, kilpailutetaan järjestelmällä.";Cloudia Oy;EU / ETA
Asianhallintajärjestelmä (Loota/Tweb);Loota/Tweb;Rakennusvalvonta, Oulun Tilapalvelut -liikelaitos, Oulun Infra -liikelaitos, Oulun Vesi -liikelaitos, Oulun seudun ympäristötoimi -liikelaitos, Yhdyskunta- ja ympäristöpalvelut, Sivistys- ja kulttuuripalvelut, Elinkeino- ja työllisyyspalvelut, Konsernihallinto;"Asianhallintajärjestelmä Loota on asian- ja dokumenttienhallintajärjestelmä, johon sisältyy asiarekisteri, viranhaltija- ja toimielinpäätökset ja sopimushallinta.Asianhallintajärjestelmä Loota&nbsp;on yksi Oulun kaupungilla käytössä olevista asiankäsittelyjärjestelmistä.&nbsp;Lootassa käsitellään erityisesti luottamuselinten päätettäväksi tulevat asiat sekä ne viranhaltijoiden päättämät asiat, joita ei käsitellä toimialojen&nbsp;omissa tietojärjestelmissä (esim. Trimble, Effica jne.). Loota toimii&nbsp;myös Oulun kaupungin keskitettynä sopimusrekisterinä. Lootan&nbsp;taustalla toimii tiedonohjausjärjestelmä, jonka avulla&nbsp;käsiteltävät asiat ja niihin liittyvät asiakirjat hallitaan ennalta määriteltyjen käsittelysääntöjen mukaisesti. Järjestelmässä on olennaista, että siellä laaditut ja tallennetut asiakirjat liittyvät aina toimenpiteen&nbsp;kautta asiaan. ";Triplan Oy;Suomi
Rakennetun ympäristön paikkatietojärjestelmä (Trimble Locus Cloud);Trimble Locus Cloud;Rakennusvalvonta, Oulun Tilapalvelut -liikelaitos, Oulun Infra -liikelaitos, Oulun Vesi -liikelaitos, Oulun seudun ympäristötoimi -liikelaitos, Yhdyskunta- ja ympäristöpalvelut, Sivistys- ja kulttuuripalvelut, Konsernihallinto;Kartta- ja ominaisuustietojen tuottaminen on hajautettu eri hallintokunnille, joiden toimintayksiköt ylläpitävät toimintansa kannalta tarpeellisia aineistoja.Tietojen selaaminen karttojen avulla, suorittaa paikkatietotoiminnallisuuksia ja -analyyseja sekä siirtää tietoa muihin järjestelmiin.;Trimble Solutions Oy;Suomi
Liikuntapaikkojen asiakasmaksujen laskutusjärjestelmä (Timmi Laskutus);Timmi Laskutus;Sivistys- ja kulttuuripalvelut;Liikunnan asiakasmaksujen laskutus;Timmi Software Oy;Suomi
Liikuntalippujen maksujärjestelmä (Timmi Kassajärjestelmä);Timmi Kassajärjestelmä;Sivistys- ja kulttuuripalvelut;Liikunnan asiakasmaksujen kassajärjestelmä;Timmi Software Oy;Suomi
Visuaalinen oppimiskokemussovellus (Thinglink);Thinglink;Sivistys- ja kulttuuripalvelut;Sivistys- ja kulttuuripalveluissa 2/2023 alkava pilottiprojekti, johon osallistuvat perusopetus, lukiot, kirjasto, kulttuuri-, varhaiskasvatus- ja nuorisopalvelut.ThingLink on palvelu, jonka avulla voit lisätä kuviin ja videoihin sekä 360-kuviin ja -videoihin interaktiivisia sisältöjä tagien avulla.Tagit voivat olla mm:tekstiä ja mediaasisältöjä websivuiltasiirtymisiä tagista toiseen ThingLink-sisältööntehtäviä.Lisäksi materiaaleista voi rakentaa haarautuvia polkuja, skenaarioita, joissa eteneminen riippuu käyttäjän antamista vastauksista.;Thinglink Oy;
Plagioinnin ehkäisyohjelma (Turnitin);Turnitin;Sivistys- ja kulttuuripalvelut;Lukio-opetuksessa ja perusopetuksessa hyödynnettävä, plagioinnin havaitsemiseen ja ehkäisemiseen käytettävä ohjelmisto. Sopimus siirretty lukiolta Digi- ja ICT -vastuualueen hallinnoitavaksi 01/2023 alkaen.Käyttäjäkuntana kaikki lukiolaiset sekä n. 500 oppilasta perusopetuksesta.;Turnitin, LLC, Ilona IT Oy;
Varhaiskasvatusjärjestelmän pilvialustapalvelu (Amazon AWS);Amazon AWS;Sivistys- ja kulttuuripalvelut;Amazonin pilvialustapalvelu, jota Oulun kaupungin hyödyntää varhaiskasvatuksen eVakaOulu-ohjausjärjestelmän infrastruktuurina.;Amazon Web Services, Inc, Gofore Oy;EU / ETA
Varhaiskasvatuksen ja opetuksen palvelunhallintajärjestelmä (Sysart Requeste);Sysart Requeste;Sivistys- ja kulttuuripalvelut;Varhaiskasvatuksen sovellustuen ja opetuksen Primus-tuen käyttöönotettu palvelunhallintajärjestelmä (tukipyynnöt). Lisäksi yksittäisiä DigiOne-hankkeen pilottikouluja.Myöhemmin tavoitteena laajentaa käyttöä varhaiskasvatuksen palvelunohjaukseen ja asiakasmaksutiimin käyttöön.Suunniteltu käyttöönotto 9.1.2023;Sysart Oy;Suomi
Varhaiskasvatuksen palveluverkkotyökalu (PAVE);PAVE;Sivistys- ja kulttuuripalvelut;Varhaiskasvatuksen palveluverkkosuunnittelussa käytettävä suunnitteluohjelmisto.;Soleno Oy;
Koordinaatin Ilmoittautumis- ja kyselytyökalu (Webropol);Webropol;Sivistys- ja kulttuuripalvelut;Ilmoittautumislomakkeilla kerättyjä tietoja käsitellään koulutusten ja tilaisuuksien käytännön järjestelyjen toteuttamiseksi.Kyselyillä kerättyjä henkilötietoja käsitellään tutkimus- tai selvitystarkoituksiin nuorten tieto- ja neuvontatyön ja siihen liittyvien palveluiden edistämiseksi ja kehittämiseksi.Näiden lisäksi tietoja käsitellään viestinnällisiin tarkoituksiin.Tietojen keruu perustuu kaikissa tapauksissa opetus- ja kulttuuriministeriön Koordinaatille asettamiin tavoitteisiin ja tehtävänantoihin (VANUPOohjelma);Webropol Oy;EU / ETA
Varhaiskasvatuksen asiakastieto- ja ohjausjärjestelmä (eVakaOulu);eVakaOulu;Sivistys- ja kulttuuripalvelut;Varhaiskasvatuspalvelujen asiakastieto- ja ohjausjärjestelmä, jonka yhtenä kuntaomistaja Oulun kaupunki on (4pack-omistus: Espoo, Tampere, Oulu, Turku). Tuotteen ydintä hallintaan keskitetysti Espoon järjestämän ytimenhallintatiimin toimesta. Asiakastietojen hallintaVarhaiskasvatuksen hakemisprosessiVarhaiskasvatuksen päätöksetAsiakasmaksuprosessiSijoittamisen prosessiPalveluseteliLasten reaaliaikainen läsnäolon seurantaHenkilökunnan reaaliaikainen läsnäolon seurantaViestintä ja vuorovaikutusVarhaiskasvatussuunnitelmaprosessiPedagoginen dokumentointiRaportointi ja tilastot;Gofore Oy;EU / ETA
Varhaiskasvatuksen epäkohtien ilmoitusjärjestelmä (VakaPro);VakaPro;Sivistys- ja kulttuuripalvelut;"VakaPro-järjestelmällä varhaiskasvatuksen henkilöstö voi ilmoittaa lapsen varhaiskasvatuksen toteuttamiseen liittyvästä epäkohdasta tai epäkohdan uhasta. Työ- tai virkasuhteisen henkilön kirjallinen ilmoitusvelvollisuus perustuu&nbsp;varhaiskasvatuslain (540/2018) pykälään 57 a ja b&nbsp;1.8.2021 tulleisiin muutoksiin.";Awanic Oy;Suomi
Nuorten Oulu -verkkopalvelu (nuortenoulu.fi);nuortenoulu.fi;Sivistys- ja kulttuuripalvelut;Oulun kaupungin nuorisopalvelujen ylläpitämä palvelu, joka on toteutetettu WordPress-julkaisualustalle.Palvelun tarkoituksena on tarjota 13-29-vuotiaille oululaisille nuorille tietoa ja tukea eri elämän aihealueisiin liittyen ja helpottaa palveluiden löytämistä. Lisäksi Sohova -osio antaa nuorille paikan, jossa voi tuottaa ja jakaa omaa mediasisältöä tai vaikka pelistriimejä.;;
Oppimateriaaliportaali (Oma Edustore);Oma Edustore;Sivistys- ja kulttuuripalvelut;;Dikaios oy;
Kustantajan verkkopalvelu yläkouluille ja lukioille (Kampus);Kampus;Sivistys- ja kulttuuripalvelut;;Sanoma Pro Oy;
Perusopetuksen oppilaan digimateriaalipalvelu (Otavan oppilaan maailma);Otavan oppilaan maailma;Sivistys- ja kulttuuripalvelut;;Kustannusosakeyhtiö Otava oy;
Lukio-opiskelijoiden digimateriaalipalvelu (Otavan opiskelijan maailma);Otavan opiskelijan maailma;Sivistys- ja kulttuuripalvelut;;Kustannusosakeyhtiö Otava oy;
Oppimateriaalikustantajan verkkopalvelu opettajille (Otavan Opepalvelu);Otavan Opepalvelu;Sivistys- ja kulttuuripalvelut;Koulun käyttämien materiaalien käyttäminen, analytiikka, oppilasryhmän edistymisen seuranta, oppilasryhmien hallinta.;Kustannusosakeyhtiö Otava oy;
Nuorisopalveluiden toiminnanohjaus- ja tilastointijärjestelmä (Kompassi);Kompassi;Sivistys- ja kulttuuripalvelut;Nuorisopalvelujen eri toimintamuotojen ja tilojen toiminnan ja asiakkaiden tilastointiin käytettävä tietojärjestelmä. Tietoja asiakkaista kootaan anonyymisti, jossa kerättävä tietoa: sukupuoli, ikäryhmä, osallistujamäärät luokiteltuna tiloihin, ryhmiin, sekä toiminnan tyyppeihin.;Ebrand Group Oy;Suomi
Infonäyttöjärjestelmä (SmartSign);SmartSign;Sivistys- ja kulttuuripalvelut;Liikuntapalveluiden liikuntapaikoissa käytettävä infoTV-järjestelmä, jolla esitetään ajankohtaistietoja, palvelutietoja, hinnastoja jne.SaaS-palvelu.;Smartsign AB;
Konservatorion säestysaikojen varausjärjestelmä (Slotti);Slotti;Sivistys- ja kulttuuripalvelut;Oulun konservatorion säestysaikojen varausjärjestelmä.www-sivu: https://slotti.fi/booking/oulunkonservatorio/#/;Teonos Oy;EU / ETA
Oppilashallinnon tiedonkulkujen automaatioratkaisu (Enter Ruutuvihko);Enter Ruutuvihko;Sivistys- ja kulttuuripalvelut;Oppilashallinnon käyttäjä- ja ryhmätietojen automaatio määritettyihin pilvipalveluihin ja paikalliseen, keskitettyyn käyttäjähallintajärjestelmään. Oppilahallinnon keskitetyn identiteetinhallinnan tukikomponentti.;Enter SystemSolutions Oy;EU / ETA
Kansainvälisen IB-tutkinnon hallintajärjestelmä (IBIS);IBIS;Sivistys- ja kulttuuripalvelut;Kansainvälisen IB-järjestön hallinnoiman IBIS -järjestelmän kautta opiskelijat rekisteröidään IB-tutkinnon loppukokeisiin, pyydetään auktorisointi erityisjärjestelyille (esim. lisäaika loppukokeissa), annetaan arvosanat sekä palautetaan osa tutkintoon vaadittavista töistä ja lomakkeista.Töiden palauttamista varten on IBIS – järjestelmän sisällä erillinen järjestelmä, Ecoursework.;International Baccalaureate Organization;
IB-tutkinnon opiskelijahallintojärjestelmä (ManageBac);ManageBac;Sivistys- ja kulttuuripalvelut;IB-tutkintoon johtavaan koulutukseen osallistuneiden opiskelijoiden arvioitaviin töihin liittyvä hallinnointi, mukaan lukien erilaisten lomakkeiden täyttäminen ja opiskelijatöiden palauttaminen opintojen aikana. Opiskelijoiden rekisteröityminen loppukokeisiin ja omien tietojen ylläpitäminen. Tutkintoon liittyvä opiskelijan arviointi ja palautteen antaminen.;Faria Systems LLC;Luotettu 3. maa
Näppäintaitojen opetusohjelma (NäppisTaituri);NäppisTaituri;Sivistys- ja kulttuuripalvelut;Opetustoiminnassa hyödynnettävä kymmensormitekniikan opetusohjelma, jonka avulla käyttäjät oppivat nopean kirjoitustekniikan oppituntien, kirjoituspelien ja kokeiden kautta. Ylläpitäjillä ja opettajilla on mahdollisuus hallinnoida ohjelman käyttäjiä ja kursseja sekä hyödyntää eri raportteja, joiden avulla voi seurata loppukäyttäjien eli oppilaiden edistymistä.;Typing Master Finland Oy;EU / ETA
Osallistuvan budjetoinnin verkkopalvelu (Osallistu Oulu / Decidim);Osallistu Oulu / Decidim;Sivistys- ja kulttuuripalvelut;"Osallisuuspalveluiden tarjoaminen&nbsp;kuntalaisille, esimerkiksi osallistuvan&nbsp;budjetoinnin avulla. Kuntalaisideat ja näiden ideoiden äänestäminen toteutettavaksi, ja huomioimiseksi kunnan talousarviosuunnittelussa.";Mainio Tech Oy;EU / ETA
Taidekokoelmien hallintajärjestelmä (Muusa);Muusa;Sivistys- ja kulttuuripalvelut;Taidekokoelmatyön hallintatyökalu taideteostietojen hallintaan. Kokoelmatiedot, missä ja millaisessa kunnossa kokoelman teokset ovat.Teosten siirtämiseen, suojaamiseen, ripustamiseen, kuljetuksiin, varastointiin, näyttelyihin ja lainaamiseen liittyvien tietojen hallinta.Teoskuvat, teosten kuntoa ja konservointitoimenpiteitä koskevia tietoja, hankinta- ja vakuutustietoja.Uusien teossijoitusten suunnittelu - mitä teoksia on missäkin sijaintipaikassa, sijaintipaikkaan liittyviä tietoja, mahdollisen sijaintipaikan yhteyshenkilön tietoja jne.;Kansallisgalleria;Suomi
Digitaalisen nuorisotyön chat-palvelu (Ninchat);Ninchat;Sivistys- ja kulttuuripalvelut;Digitaalisessa nuoristyössä hyödynnettävä Chat-alusta reaaliaikaista yhteydenpitoa varten.;Somia Reality Ltd;EU / ETA
Kustantajan toimittama digitaalinen oppimisympäristö (Bingel);Bingel;Sivistys- ja kulttuuripalvelut;Opetus- ja oppimistarkoitukseen käytettävä virtuaalinen toimintaympäristö ja tämän sisältämät tietotekniset sovellukset, viestintäratkaisut, sisällöt ja palvelut, kuten palveluntuottaja Sanoma Pro:n digitaaliset opetusmateriaalit.;Sanoma Pro Oy;EU / ETA
Perusopetuksen arviointiohjelmisto (Qridi);Qridi;Sivistys- ja kulttuuripalvelut;Formatiivisen arvioinnin ja oppimisen analytiikan alusta, jota käytetään mm. opettajan palautteen antamisessa oppilaalle sekä oppilaan itsearvioinnissa.;Qridi Oy;Suomi
Oulun Sinfonian julkaisujärjestelmä (Galaxo);Galaxo;Sivistys- ja kulttuuripalvelut;Oulun Sinfonian tiedotus ja markkinointi, ohjelmistotiedot sekä lipunmyyntikanava.;Galaxo Oy;EU / ETA
Digitaalisten oppimateriaalien jakelualusta (Edustore hankintakanava);Edustore hankintakanava;Sivistys- ja kulttuuripalvelut;Digitaalisten oppimateriaalien jakelualusta sekä kilpailutetut digimateriaalit ja sovellukset koulujen opetuksessa käytettäväksi.;Dikaios oy, Kuntien Tiera Oy;Suomi
Kuntotestauksen mittauspalvelu (Likes / Kuntoindeksi);Likes / Kuntoindeksi;Sivistys- ja kulttuuripalvelut;InBody-mittauksien ja kehon kuntoindeksien tarjoaminen organisaation työyhteisöille ja yksiköille terveyden, työkyvyn ja työhyvinvoinnin tason mittaamiseksi.;Liikunnan ja kansanterveyden edistämissäätiö LIKES sr;
Kansallinen liikuntapaikkajärjestelmä (Lipas);Lipas;Sivistys- ja kulttuuripalvelut;Järjestelmä palvelee kuntia kunnan omana liikuntapaikkarekisterinä, johon kunnan liikuntapaikkojen tiedot voi tallentaa.Lipas.fi-järjestelmään kerätään tiedot Suomen julkisista liikuntapaikoista, ulkoilureiteistä ja virkistysalueista. Vain hoidetut ja ylläpidetyt kohteet tallennetaan tietokantaan. Tietosisältö painottuu kuntien ja yksityisten tahojen omistamiin liikuntapaikkoihin. Lipakseen koottu tieto on avointa dataa ja käytettävissä myös muissa palveluissa.Tietosisältöä ylläpitävät liikuntapaikkojen vastuuhenkilöt kunnissa, virkistysalueyhdistykset sekä muut liikuntapaikkojen omistajat. Lipas-projektitiimi huolehtii tietojen yhtenäisyydestä ja kattavuudesta valtakunnallisesti.;Jyväskylän yliopisto;
Valveen julkaisujärjestelmä (Galaxo);Galaxo;Sivistys- ja kulttuuripalvelut;Kulttuuritalo Valveen verkkosivujen ylläpito ja hallinta.;Galaxo Oy;
Nuorisovaalien äänestysjärjestelmä (eVaali);eVaali;Sivistys- ja kulttuuripalvelut;Sähköinen vaalipalvelu nuorisovaalien järjestämistä varten.Palvelussa voidaan hoitaa rinnakkain sekä postiäänestys että sähköinen äänestys. Lopuksi myös postiäänet toimitetaan ehdokkaiden äänimäärinä palveluun, jolloin voidaan suorittaa koko vaalin tuloslaskenta ja tulostus.;Arts & Minds Oy;Suomi
Nuorten tieto- ja neuvontatyön tilastointijärjestelmä (Nutitilastot.fi);Nutitilastot.fi;Sivistys- ja kulttuuripalvelut;"Nuorten tieto- ja neuvontapalveluiden tilastojen yhdenmukainen koonti sekä paikallisesti että kansallisesti.&nbsp;";;
Sosiaalisen vahvistumisen vaikutusmittari (Sovari);Sovari;Sivistys- ja kulttuuripalvelut;Työpajatoiminnan ja etsivän nuorisotyön vaikutuksista valtakunnallista vertailutietoa tuottava tiedonkeruukysely ja vaikutusmittaristo. Perustuu asiakkaiden itsearvioinnille pohjautuvaan anonyymiin nettikyselyyn.Yhteenvedot organisaatiokohtaisia, alueellisia ja valtakunnallisia tuloksia työpajatoiminnan ja etsivän nuorisotyön vaikutuksista.;Into - etsivä nuorisotyö ja työpajatoiminta ry;
Infonäyttöjärjestelmä (Fiscal InfoTV);Fiscal InfoTV;Sivistys- ja kulttuuripalvelut;Kirjaston ja liikuntapalveluiden käytössä oleva info-TV-järjestelmä palvelupisteiden asiakastiedotusta varten.Liikunnan osalta siirtyminen Smartsign-tuotteeseen 05/2021 (Atea);Ohjelmatuotanto Fiscal Oy;Suomi
Ulkoilupaikkojen kunnossapidon seurantajärjestelmä (Fluent Outdoors);Fluent Outdoors;Sivistys- ja kulttuuripalvelut;Ulkoilupaikkojen kunnossapidon seuranta ja reaaliaikaisten tilatietojen esittäminen ulkoilualueiden asiakaskäyttäjille.;Fluent Progress RT Oy;EU / ETA
Resurssienvarausjärjestelmä (Varaamo);Varaamo;Sivistys- ja kulttuuripalvelut;Oulun kaupunginkirjaston ylläpitämä digitaalinen asiointipalvelu, jossa voi varata kirjaston laitteita, tiloja ja palveluita;;
Sivistys- ja kulttuuripalvelujen koulutuskalenteri (Hellewi);Hellewi;Sivistys- ja kulttuuripalvelut;Henkilöstön täydennyskoulutuksessa hyödynnettävä koulutuskalenteri erilaisille kursseille ja luennoille ilmoittautumista varten;Wildfrost Oy;Suomi
Kulttuuripalveluiden ilmoittautumisjärjestelmä (Hellewi Kulttuuri);Hellewi Kulttuuri;Sivistys- ja kulttuuripalvelut;Ilmoittautuminen Kulttuuritalo Valveen sekä Museo- ja tiedekeskus Luupin erilaisille kurssi- ja leiritapahtumille, sekä osallistumismaksun suorittaminen;Wildfrost Oy;Suomi
Nuorisopalveluiden ilmoittautumisjärjestelmä (Hellewi Nuoriso);Hellewi Nuoriso;Sivistys- ja kulttuuripalvelut;Ilmoittautuminen Oulun kaupungin nuorisopalveluiden järjestämille kursseille ja leireille sekä osallistumismaksun suorittaminen;Wildfrost Oy;Suomi
Liikuntapalveluiden ilmoittautumisjärjestelmä (Hellewi Liikunta);Hellewi Liikunta;Sivistys- ja kulttuuripalvelut;Oulun kaupungin liikuntapalveluiden järjestämiin liikuntaryhmiin sähköinen ilmoittautuminen sekä osallistumismaksun suorittaminen;Wildfrost Oy;Suomi
Oulu-Opiston asiakkuudenhallintajärjestelmä (Hellewi Opisto);Hellewi Opisto;Sivistys- ja kulttuuripalvelut;Asiakkaiden ilmoittautuminen Oulu Opiston kursseille, kurssien maksaminen sekä Oulu Opiston asiakkuuksien hallinta;Wildfrost Oy;Suomi
Konservatorion oppilashallintojärjestelmä (Hellewi Konservatorio);Hellewi Konservatorio;Sivistys- ja kulttuuripalvelut;Musiikkileikkikoulutoiminnassa käytettävä oppilashallintojärjestelmä ja tiedotuskanava.;Wildfrost Oy;Suomi
Varhaiskasvatuksen asiakastietojärjestelmä (Vaka Effica);Vaka Effica;Sivistys- ja kulttuuripalvelut;Varhaiskasvatuspalveluiden järjestäminen ja toteuttaminen.Vaka Effica korvattu eVakaOululla. Effica suljettu 30.9.2022 ja eVakaOulu siirtynyt tuotantoon 5.10.2022. Effica käytössä toistaiseksi edelleen arkisto-/katselukäytössä.;TietoEVRY Oy;Suomi
Lukion digitaalinen oppimisympäristö (Moodle);Moodle;Sivistys- ja kulttuuripalvelut;Etälukion ja päivälukioiden hyödyntämä sähköinen oppimisympäristö.;Mediamaisteri Oy;Suomi
Taidekoulun oppilashallintojärjestelmä (Hellewi Taidekoulu);Hellewi Taidekoulu;Sivistys- ja kulttuuripalvelut;Oulun taidekoulun oppilashallinto- ja asiakkuudenhallintajärjestelmä;Wildfrost Oy;Suomi
Museoiden kokoelmienhallintajärjestelmä (WebMusketti);WebMusketti;Sivistys- ja kulttuuripalvelut;"Pohjois-Pohjanmaan museon luettelointiohjelma esineille ja valokuville.Musketti on laadittu Museovirastossa museoiden kokoelmienhallintaa varten. Sovellus mahdollistaa erityyppisten museoesineiden (arkeologiset ja kulttuurihistorialliset esineet, taideteokset, laitteet jne.)&nbsp;sekä kuva-aineistojen koskevien tietojen tallennuksen standardoidusti.";Museovirasto;Suomi
Sivistys- ja kulttuuripalvelujen toimintajärjestelmä (IMS);IMS;Sivistys- ja kulttuuripalvelut;Sivistys- ja kulttuuripalvelujen prosessien kuvaaminen, dokumenttien hallinta, tehtävien hallinta, palautteiden ja arviointien käsittely, tulosten mittaaminen sekä käsikirjojen koostaminen.;Arter Oy;EU / ETA
Kirjastojärjestelmä (Koha / Finna);Koha / Finna;Sivistys- ja kulttuuripalvelut;Oulun kaupunginkirjasto-maakuntakirjaston kirjastopalveluiden järjestäminen ja asiakassuhteen hallinta (Koha) sekä Outi-kirjastojen asiakasrekisterin hallinta (Finna);Koha-Suomi Oy;Suomi
Kirjaston kassajärjestelmä (Ceepos Kirjasto);Ceepos Kirjasto;Sivistys- ja kulttuuripalvelut;Oulun kaupunginkirjasto-maakuntakirjaston asiakasmaksujen käsittely;CPU Oy;Suomi
Opetuksen verkkopalvelu (Wilma);Wilma;Sivistys- ja kulttuuripalvelut;Opetuksen asiointipalvelu kodin ja koulun väliseen yhteistyöhön, opettajan työväline arviointiin, tuntimerkinnät, kotitehtävät, tuntipäiväkirjat, lukiolaisten kurssivalinnat, työjärjestys;Visma Oy;EU / ETA
Oppilashallintojärjestelmä (Primus InSchool);Primus InSchool;Sivistys- ja kulttuuripalvelut;Perusopetuksen, lukiokoulutuksen ja Konservatorion oppilas- ja suoritustietojen hallintajärjestelmä.;Visma Oy;Suomi
Lukujärjestysohjelma (Kurre);Kurre;Sivistys- ja kulttuuripalvelut;Perusopetuksen ja lukiokoulutuksen lukujärjestysten laadintaan käytettävä ohjelmisto;Visma Oy;Suomi
Työllisyydenhoidon asiakastietojärjestelmä (Oukatypa);Oukatypa;Sivistys- ja kulttuuripalvelut, Elinkeino- ja työllisyyspalvelut;Oulun kaupungin eri työllisyydenhoidon palvelupaikkojen asiakkaiden ohjaus ja asiakkuuksien hallinta. ;Softers Oy;Suomi
Oulun kaupungin sähköinen asiointialusta (eAsiointi);eAsiointi;Sivistys- ja kulttuuripalvelut, Elinkeino- ja työllisyyspalvelut, Konsernihallinto;Oulun kaupungin keskitetty digitaalinen asiointialusta mm. erilaisten avustusten ja lupien hakemiseksi. Asiointialustalla asiakas voi täyttää ja lähettää ko. hakemuksen, täydentää lähettämäänsä hakemusta ja nähdä käsittelyn eri vaiheet. Haettavia avustuslajeja ovat mm.yhdistysten ja urheiluseurojen toiminta-avustuksetnuorten toimintaraha NEROkesätyösetelikuntouttavan työtoiminnan avustusUusia avustuslajeja otetaan käyttöön vaiheittain, Oulun kaupunki tiedottaa avustusten hakemisen sähköistämisestä avustuslajikohtaisilla nettisivuilla sekä muiden tiedostuskanavien kautta.;Sarastia Oy;Suomi
Apple-tuotteiden hallintaratkaisu (JAMF School);JAMF School;Sivistys- ja kulttuuripalvelut, Konsernihallinto;"Apple-ekosysteemin hallintajärjestelmä, jota käytetään Sivistys- ja kulttuuripalveluiden kolmessa pilottikoulussa (12/2022).Toimii verkkopohjaisen käyttöliittymän kautta, jolla Mac-, iPad-, iPhone- ja Apple TV -laitteiden käyttöönotto, hallinta ja suojaaminen on mahdollista toteuttaa.App Request -ominaisuuden avulla opettajat voivat pyytää sovelluksia App Storesta Jamf School Teacher -sovelluksessa. Jamf School Teacher -hallintapaneelin App Requests -kuvakkeen kautta opettajat voivat tarkistaa pyytämänsä sovellukset ja pyyntöjen tilan.&nbsp;&nbsp;Mahdollistaa niin ikään käyttäjien, käyttäjäryhmien ja laiteryhmien luonnin ja hallinnanm sekä tarkempia tietojen tarkastelun ja yksittäisten laitteiden diagnostiikkatoimien tekemisen.";JAMF Software, LLC, Atea Finland Oy;
Ohjelmistokehityksen palvelualusta (GitHub);GitHub;Sivistys- ja kulttuuripalvelut, Konsernihallinto;Kaupungin ohjelmistokehitysprojekteissa hyödynnettävä alustapalvelu, joka tarjoaa työkaluja ohjelmistokehitykseen sekä lähdekoodin hallintaan.Oulun kaupungin Github-tili: https://github.com/OulunkaupunkiRepositories:eVakaOulu -koodit(vanha) Ouka.fi -koodit;GitHub, Inc.;EU / ETA
Integraatioalusta (Tiera Digius / TIA);Tiera Digius / TIA;Sivistys- ja kulttuuripalvelut, Konsernihallinto;"Tieran Integraatioalustapalvelu (TIA / Digius) koostuu useasta eri integraatioalustasta, jotka pohjautuvat&nbsp;eri teknologioihin. Integraatioalusta vastaa alustan eri toimintojen välisestä integraatioista, Palvelujen&nbsp;julkaisemisesta eri teknisiin toteutuksiin sekä toimii palveluiden suoritusalustana.Alustaa hyödynnetään mm. kaupungin keskitettynä liityntäpalvelimena x-road-arkkitehtuurin mukaiseen Suomi.fi-palveluväylään liittymiseksi, jonka kautta integroidutaan esim. valtiohallinnon hallinnoimiin perusrekistereihin (VTJ, YTJ...).";Kuntien Tiera Oy;EU / ETA
Opetuksen käyttövaltuushallintajärjestelmä (eduMIM Microsoft Identity Manager);eduMIM Microsoft Identity Manager;Sivistys- ja kulttuuripalvelut, Konsernihallinto;Opetuspuolen (EDU) digitaalisen ympäristön käyttäjien, oppilaiden ja opettajien, keskitetty käyttövaltuuksien hallinta.;Microsoft Corporation, Pulsen Integration Oy;Suomi
Linux-koulujen käyttäjä- ja käyttöpalvelunhallintajärjestelmä (Opinsys / Puavo);Opinsys / Puavo;Sivistys- ja kulttuuripalvelut, Konsernihallinto;Linux-käyttöympäristöä hyödyntävien koulujen käyttöpalvelun hallinta ja tähän kytkeytyvä käyttäjähallinta.;Opinsys Oy;
Ideointijärjestelmä (Viima);Viima;Sivistys- ja kulttuuripalvelut, Konsernihallinto;Osallistava aloite- ja ideointijärjestelmä, jolla tuetaan organisaatioon matalan kynnyksen kokeilukulttuuria. Ideoiden kerääminen, rikastaminen ja arvottaminen.;Viima Solutions Oy;EU / ETA
Digitaalinen oppimisalusta (Google Workspace for Education / ent. GSuite);Google Workspace for Education / ent. GSuite;Sivistys- ja kulttuuripalvelut, Konsernihallinto;Googlen tarjoama oppilaitosten oppimisalusta, joka sisältää laajan joukon tuottavuus-, yhteistyö- ja viestinnällisiä työkaluja opetustyön tueksi. Käytössä Fundamentals-versio (05/2021).Yhteistyö ja tuottavuustyökalut: Docs, Slides, Sheets, Drive, Forms, Jamboard, Keep, KalenteriTehtävien hallinta ja koulutyö: Classroom, KotitehtävätViestintätyökalut: Gmail, Meet, ChatSekä hallintakonsoli alustan hallintaan;Cloudpoint Oy, Google LLC;EU / ETA
Opetuksen keskitetty oppimisalusta (eduM365 / eduOffice365);eduM365 / eduOffice365;Sivistys- ja kulttuuripalvelut, Konsernihallinto;Opetustyön keskitetty alustaratkaisu, joka sisältää laajan kirjon erilaisia tuottavuussovelluksia (ml. perinteiset toimistotyösovellukset) ja palveluja sekä modernin tietotyön tarpeisiin että yhteistyöverkoistoissa toimimista varten. Alusta sisältää esimerkiksi:Opettajien ja oppilaiden henkilökohtaiset tuottavuusratkaisut, kuten sähköposti ja kalenteri (Outlook) sekä OneDrive -tallennuspalveluKoulujen ja luokkien tuottavuusratkaisut, kuten SharePoint- ja Teams-työtilat sekä yhteiset tehtävälistat (Planner, To-Do -listat)Teams-etäkokousratkaisutOneNote -muistikirjat;Microsoft Corporation;EU / ETA
Opetuksen keskitetty käyttäjähallintajärjestelmä (eduouka AD / eduouka AAD);eduouka AD / eduouka AAD;Sivistys- ja kulttuuripalvelut, Konsernihallinto;"Oulun kaupungin opetuspuolen tietoteknisen eduouka-ympäristön&nbsp;keskitetty käyttäjätietokanta ja hakemistopalvelu, joka sisältää tietoa opetuksen käyttäjistä, tietokoneista ja verkon resursseista. Tämä mahdollistaa keskitetyn resurssien jakamisen eduouka-ympäristön käyttäjille ja sovelluksille sekä tarjoaa tavan nimetä, kuvata, paikallistaa, hallita ja suojata organisaation käytössä olevia verkon resursseja.Sisältää sekä eduouka-ympärisön paikallisen Active Directory -hakemistopalvelun että eduouka-pilviympäristön Azure Active Directory -hakemistopalvelun.";Microsoft Corporation;EU / ETA
Kaupunkikorttijärjestelmä (OuluCard / uniAssociation / finncity);OuluCard / uniAssociation / finncity;Sivistys- ja kulttuuripalvelut, Konsernihallinto;Reaaliaikainen lippujen ja maksujen perimistä hoitava tietojärjestelmä. Lippujen ja maksujen lisäksi järjestelmän avulla toteutetaan erilaisia korttiin tai asiakasryhmiin liitettyjä oikeuksia ja rajoituksia. Oulussa voit yhdellä kortilla käyttää useita palveluita. Palveluvalikoimaan kuuluu tällä hetkellä:Liikuntaliput Oulun kaupungin liikuntalaitoksissaKaupunkiliikenteen bussiliputKopiointimaksut pääkirjastossaSopimuksiin perustuvat laskutukset (esimerkiksi työnantajan tukemat vapaa-ajan palvelut);Enfo Oyj;Suomi
Lipunmyyntijärjestelmä (Ticketmaster);Ticketmaster;Sivistys- ja kulttuuripalvelut, Konsernihallinto;Lipputuotteiden myynti ja tulostus määritettyjen palvelujen osalta;Ticketmaster Suomi Oy;Suomi
Lapsiperheiden palvelutarjotin (Lapsuus.fi);Lapsuus.fi;Sivistys- ja kulttuuripalvelut;Tietoa ja tukea lapsiperheille –infopankin ja aikajanan (lapsen ikäkaudet, perheenä, sujuva arki, kriisin kohdatessa) on tarkoitus toimia lapsiperheitä heidän arjessaan voimaannuttavana vanhempien, lasten sekä lapsiperheiden läheisten työkaluna. Infopankki ja aikajana ovat perheen tiedonsaannin ja asioihin tutustumisen väline, jonka avulla voi ennakoivasti perehtyä perheen ja lapsen kasvuun ja kehityksen teemoihin. Infopankin ja aikajanan sisällöt on pyritty kokoamaan luotettavasta ja näyttöön perustuvasta tiedosta Sisältöjen kautta pyritään tukemaan vanhempien itsenäistä ongelmanratkaisua ja arjessa selviämistä sekä varmistamaan lapsierheiden katkeamaton tiedon- ja tuensaanti. Sisällöissä korostuu lapsiperheille suunnatuista, eri palvelusektorien palveluista tiedottaminen ja niihin arjen tarpeita vastaavalla tavalla ohjaaminen, millä tuetaan riittävän tuen saantia myös niissä tilanteissa, kun lisätuki muiden palveluiden kautta on tarpeen.Infopankki ja aikajana on samalla pyritty rakentamaan alan ammattilaisten työtä tukevaksi ja asiakkaiden ohjaamista helpottavaksi työkaluksi. Ammattilaiset voivat käyttää infopankkia ja aikajanaa yhdessä asiakkaiden kanssa ja ohjata asiakkaita hyödyntämään tietoja palvelunsaantinsa tukena ja sen jatkuvuutta vahvistavana työkaluna.Sivustolla on mahdollista myös kolmansien osapuolten ilmoittaa omista palveluistaan. Oulun kaupunki ei vastaa kolmansien osapuolten (yksityisten palvelutuottajien) toiminnasta eikä ole osapuoli niiden välisessä viestinnässä tai kaupankäynnissä.;Mainonnan Työmaa Oy;Suomi
Kertakirjautumisratkaisu (Imprivata eSSO);Imprivata eSSO;Sivistys- ja kulttuuripalvelut;Organisaation hyödyntämä kertakirjautumisratkaisu.;Imprivata, Inc;
Asiakaspalveluratkaisu (Telia ACE);Telia ACE;Sivistys- ja kulttuuripalvelut, Elinkeino- ja työllisyyspalvelut, Konsernihallinto;Korvannut aiemmin käytetyn Telia VCC-ratkaisun. Useita Contact Centereitä.;Telia Finland Oy;
Joukkoliikenteen suunnitteluohjelmisto (Mattersoft);Mattersoft;Yhdyskunta- ja ympäristöpalvelut;Mobile-Planin korvannut, uusi suunnitteluohjelmisto on in-house -hankinta Suomen joukkoliikenneviranomaisten omistamalta TVV LMJ Oy:ltä. TVV LMJ Oy toimii joukkoliikenneviranomaisten teknisenä konsulttina ja hankintayhtiönä.Ohjelmiston tuottaja on Mattersoft Oy.Ohjelmistoa käytetään mm. Joukkoliikenteen aikataulujen suunnitteluun ja optimointiin käytettävä sovellus.Ohjelmiston palvelimen ylläpito on myös Mattersoft Oy:n vastuulla. Lähtökohtaisesti Oulun Digille ei pitäisi kohdistua vastuuta suunnitteluohjelmistoon liittyen millään tavalla.;Mattersoft Oy;
Joukkoliikenteen aikataulusuunnittelu (Mobile-Plan / Init);Mobile-Plan / Init;Yhdyskunta- ja ympäristöpalvelut;Joukkoliikenteen aikataulujen suunnitteluun ja optimointiin käytettävä sovellus.;INIT Mobility Software Solutions GmbH;Suomi
Pysäköintimaksujen yleisten katualueiden maksusovellukset (eParking / Moovy / ParkMan / EasyPark);eParking / Moovy / ParkMan / EasyPark;Yhdyskunta- ja ympäristöpalvelut;"Pysäköintimaksujen kerääminenPysäköintimaksun yleisillä katualueilla voi maksaa myös matkapuhelimella, kun kaupunki on palvelusta sopinut toimittajan kanssa.&nbsp;Lisätietoa palveluista saa palveluntuottajien sivuilta:&nbsp;(Moovy,&nbsp;eParking,&nbsp;EasyPark,&nbsp;ParkMan&nbsp;ja&nbsp;eParkki).";ParkMan Oy, EasyPark Oy, Finnpark Oy, IGL-Technologies Oy;
Viljelijöiden tulotukien käsittelyjärjestelmä (IACS-tukisovellus / Vipu-palvelu);IACS-tukisovellus / Vipu-palvelu;Yhdyskunta- ja ympäristöpalvelut;Maaseutuviranomaiselle osoitettujen tehtävien toteuttaminenIACS-järjestelmän avulla käsitellään maatilojen tulotukiin liittyvät tukihakemukset. Tietojärjestelmää käyttävät kunnat, ELY-keskukset ja Ahvenamaan maakuntahallitus.IACS-järjestelmä käyttää maataloushallinnon yhteistä asiakas- ja maatilayritysrekisteriä. Järjestelmän kautta tallennetaan tukiohjelmiin liittyvät hakemustiedot, päätöstiedot, maksatuksiin liittyvät maksupäätöstiedot sekä tukien valvontaan liittyvät valvontatiedot.;Ruokavirasto;Suomi
Oulun liikennepalvelu (Oulunliikenne.fi / Digitransit);Oulunliikenne.fi / Digitransit;Yhdyskunta- ja ympäristöpalvelut;Reittiopas, joukkoliikenteen pysäkki-informaatio, sekä liikennetietojen tuottaminen mm. liikenteen poikkeustilanteista informointi.;Digia Oyj;
Työmaadatan valmisteluohjelmisto (3D-Win);3D-Win;Yhdyskunta- ja ympäristöpalvelut;"Mittausaineistojen käsittely; data-aineistojen yhdistey ja suunnitelmadatan muuttaminen rakennustiedoksi";Novatron Oy;Suomi
Metsäjärjestelmä (Foresta);Foresta;Yhdyskunta- ja ympäristöpalvelut;"Maa- ja metsävarojen hallintaan ja suunnitteluun tarkoitettu netissä käytettävä tietojärjestelmä.Järjestelmä koostuu kartta- ja paikkatietotoiminnallisuuksista, maa- ja metsävaratietojen käsittelyn ja muokkaamisen toiminnallisuuksista sekä metsätalouden laskelmista.Järjestelmällä voidaan ylläpitää, muokata ja kerätä maa- ja metsävaratietoa sekä tehdä erilaisia palvelutuotteita.Metsävaratietojen perusteella voidaan suunnitella työmaita, eli puunmyyntikohteita/leimikoita ja metsänhoitotyömaakohteitaJärjestelmän avulla voidaan ylläpitää asiakasrekisteriä, johon voidaan tallentaa&nbsp;metsänomistajien&nbsp;yhteystietoja ja vapaamuotoista tietoa asiakkaista.Metsävaratietoja voidaan siirtää sovellukseen ja sovelluksesta pois kuviomuotoisena metsävarastandardi XML -tiedostoina. Käyttäjän on hyvä huomioida, että kun hän lähettää tietoja järjestelmästämme toisiin järjestelmiin, mukana siirtyy myös henkilötietoja. Tällaisia ovat esimerkiksi sähköiset metsänkäyttöilmoitukset Metsäkeskukselle. Käyttäjän on hyvä tutustua tälloin lopullisen järjestelmän tietoturvaselosteeseen.";Bitcomp Oy;EU / ETA
Internet karttapalvelu (IKP);IKP;Yhdyskunta- ja ympäristöpalvelut;Yleisen karttapalvelun aineistoa käytetään karttatietojen tuottamiseen yksiköiden tai kuntalaisten tarpeiden mukaisesti.;Trimble Solutions Oy;Suomi
Yhdyskunta- ja ympäristöpalvelujen sopimustenhallintajärjestelmä (Trimble Locus eContract);Trimble Locus eContract;Yhdyskunta- ja ympäristöpalvelut;Laskutus- ja sopimustietojen hallinta;Trimble Solutions Oy;Suomi
Suomen kalastuslupajärjestelmä (Kalastuspassi);Kalastuspassi;Yhdyskunta- ja ympäristöpalvelut;Kalastuslupien ja mahdollisten muiden kalatalouteen liittyvien tuotteiden myynti ja niitä sekä kalastuksenvalvontaa koskevien asiakassuhteiden hoitaminen ja kehittäminen sekä kalataloudellinen tutkimustoiminta.;Pirkanmaan kalatalouskeskus ry;Suomi
Asumisoikeusjärjestelmä (ASO / CGI);ASO / CGI;Yhdyskunta- ja ympäristöpalvelut;Kunta antaa asumisoikeusasunnon hakemiseen tarvittavan asumisoikeusjärjestysnumeron, hyväksyy hakijan asumisoikeusasunnon haltijaksi asunnon omistavan yhtiön esityksestä sekä vahvistaa asumisoikeusasunnon enimmäishinnan. (Laki asumisoikeusasunnoista 16.7.1990/650)Järjestelmässä hallinnoidaan tiedot asumisoikeusjärjestysnumeroiden haltijoista, tiedot Oulussa sijaitsevista asumisoikeusasunnoista asunnon omistajan ilmoittamien tietojen mukaisesti sekä tiedot asumisoikeusasuntoon hyväksytyistä asumisoikeuden haltijoista.;CGI Suomi Oy;Suomi
Karttakyselypalvelu (Harava);Harava;Yhdyskunta- ja ympäristöpalvelut;Karttapohjaisten verkkokyselyiden toteuttaminen asukkaiden osallistamisessa elinympäristöönsä liittyvässä kaupunkisuunnittelussa.Esimerkiksi yleis- ja asemakaavasuunnittelu, jossa karttakyselyitä hyödynnetään valmisteluvaiheen tiedonkeruun lisäksi myös kaavaluonnosten kommentoinnissa. Paikkatietopohjaiset toiminnallisuudet mahdollistavat tiedon keräämisen karttakäyttöliittymässä.;Sitowise Oy;
Pysäköinninvalvonnan hallintajärjestelmä (Helga);Helga;Yhdyskunta- ja ympäristöpalvelut;Pysäköintivirhemaksujen hallinta, saatavien valvonta ja perintä sekä oikaisuvaatimusten käsittely.;Fujitsu Finland Oy;
Katuvalaistuksen verkkotietojärjestelmä (Trimble NIS katuvalaistus / Energy);Trimble NIS katuvalaistus / Energy;Yhdyskunta- ja ympäristöpalvelut;Katuvalaistuksen suunnittelu ja hallinta.KunnossapitoOmaisuudenhallintaVerkostolaskentaVerkkoinvestointien hallinta;Trimble Solutions Oy;Suomi
Joukkoliikenteen maksu- ja lippujärjestelmä (Waltti);Waltti;Yhdyskunta- ja ympäristöpalvelut;Joukkoliikenteen valtakunnallinen maksu- ja lippujärjestelmä, joka toimii yli 20 keskeisen kaupunkiseudun alueella. ;TVV Lippu- ja maksujärjestelmä Oy (LMJ);Suomi
Yhdyskunta- ja ympäristöpalvelujen toimintajärjestelmä (IMS / Tekevä);IMS / Tekevä;Yhdyskunta- ja ympäristöpalvelut;Yhdyskunta- ja ympäristöpalvelujen prosessien kuvaaminen, dokumenttien hallinta, tehtävien hallinta, palautteiden ja arviointien käsittely, tulosten mittaaminen sekä käsikirjojen koostaminen.;Arter Oy;EU / ETA
Paikkatietoalusta (ArcGIS);ArcGIS;Yhdyskunta- ja ympäristöpalvelut, Konsernihallinto;"ArcGIS on paikkatieto-ohjelmisto, joka koostuu lukuisista eri käyttötarkoituksiin suunnitelluista komponenteista. Oulussa ohjelmistoa ja sen työkaluja käytetään mm. osana alueiden suunnittelua kyselyjen toteutusalustana sekä henkilökuljetusten kehittämisessä&nbsp;(kartta/paikannus/reititys/kuljetusten suunnittelu).";Esri Finland Oy;EU / ETA
Vakuutus- ja vahinkoasiapalvelu (If Yrityskansio);If Yrityskansio;Yhdyskunta- ja ympäristöpalvelut, Konsernihallinto;If Yrityskansio on maksuton, sähköinen palvelu, jossa hoidat kaikki yrityksesi vakuutus- ja vahinkoasiat. Vahinkoilmoituksen jättäminen tai yritystäsi koskevien muutosten ilmoittaminen on yksinkertaista. Saat kansion kautta nopeasti yhteyden asiantuntijoihimme, ja yhteydenpitosi arkistoituu automaattisesti. Vakuutustietosi pysyvät aina ajan tasalla.;If Vahinkovakuutus Oyj, Suomen sivuliike;
Henkilöstön pysäkointijärjestelmä (eParking);eParking;Yhdyskunta- ja ympäristöpalvelut;"Henkilöstön pysäköintilupien ja pysäkointimaksujen järjestäminen sekä hallinta.Autoilija varaa ja maksaa lupansa palvelussa sekä ostaa haluamansa lisäpalvelut. Kiinteistön omistaja näkee pysäköinnin kokonaiskuvan ja tilitykset hoituvat palvelun kautta. Pysäköinninvalvojat näkevät, onko lupa voimassa.Sopimuspysäköinti,&nbsp;lyhytaikaispysäköinti, maksuliikenne, jonotus, raportointi ja tilitys, kulutuksen seuranta, etolpan ohjaaminen ja sähköauton lataus.Palveluntuottaja maksaa kiinteän maksun käyttämänsä pysäköinnin osalta.Jokaisella toimipaikalla, kuten koulu, päiväkoti, on oma pääkäyttäjä ja pääkäyttäjä vastaa oman vastuualueensa osalta lupien myöntämisestä. Järjestelmä on käytössä myös luottamushenkilöillä ja heillä on oma pääkäyttäjä, joka ylläpitää luottamushenkilöiden lupia.";IGL-Technologies Oy;EU / ETA
Tilaajavastuutietojen tarkastuspalvelu (Luotettava Kumppani);Luotettava Kumppani;Yhdyskunta- ja ympäristöpalvelut, Konsernihallinto;"Tilaajavastuulaki&nbsp;velvoittaa tilaajan selvittämään, että hänen sopimuskumppaninsa täyttävät sopimuspuolina ja työnantajina lakisääteiset velvoitteensa.Palvelu hakee sopimuskumppaneista tilaajavastuulain vaatimat tiedot organisaation puolesta, koostaa niistä Luotettava Kumppani -raportin ja pitää sen aina ajan tasalla. Tilaajavastuulain edellyttämien tietojen&nbsp;lisäksi Luotettava Kumppani -raportille voi lisätä myös vapaaehtoisia tietoja, kuten:tieto vastuuvakuutuksestatieto potilasvakuutuksestatiedot liikenneluvistaRALA-pätevyystodistusBisnode-ratinglogon (AAA-A) jaSuomen Vahvimmat -sertifikaatti.";Vastuu Group Oy;
Integraatioalustapalvelu (OuluBot Azure);OuluBot Azure;Yhdyskunta- ja ympäristöpalvelut, Sivistys- ja kulttuuripalvelut, Konsernihallinto;;Microsoft Corporation, Digi ja ICT -vastuualue;EU / ETA
